id,cluster_id
0,1
1,2
2,3
3,4
4,5
5,6
6,7
7,8
8,9
9,10
10,11
11,12
12,13
13,14
14,15
15,16
16,14
17,17
18,18
19,19
20,20
21,21
22,22
23,23
24,6
25,24
26,6
27,25
28,6
29,26
30,27
31,28
32,29
33,30
34,31
35,32
36,24
37,33
38,34
39,35
40,6
41,36
42,37
43,6
44,6
45,38
46,6
47,27
48,6
49,39
50,40
51,41
52,42
53,43
54,27
55,44
56,45
57,46
58,47
59,48
60,49
61,50
62,51
63,52
64,53
65,24
66,35
67,54
68,55
69,27
70,56
71,6
72,16
73,6
74,57
75,58
76,59
77,24
78,8
79,24
80,60
81,6
82,40
83,61
84,6
85,61
86,6
87,12
88,62
89,63
90,27
91,6
92,64
93,65
94,66
95,67
96,56
97,6
98,16
99,12
100,68
101,69
102,70
103,71
104,39
105,72
106,73
107,74
108,6
109,61
110,75
111,6
112,76
113,77
114,78
115,54
116,79
117,80
118,24
119,81
120,54
121,6
122,82
123,6
124,83
125,84
126,12
127,85
128,86
129,87
130,88
131,19
132,89
133,90
134,10
135,91
136,44
137,92
138,93
139,94
140,95
141,96
142,97
143,98
144,61
145,27
146,99
147,88
148,6
149,100
150,101
151,102
152,6
153,103
154,6
155,76
156,104
157,6
158,8
159,16
160,105
161,106
162,107
163,6
164,108
165,109
166,110
167,111
168,112
169,113
170,114
171,115
172,116
173,117
174,118
175,5
176,104
177,16
178,54
179,119
180,120
181,14
182,43
183,101
184,121
185,122
186,123
187,6
188,124
189,125
190,126
191,6
192,127
193,128
194,6
195,6
196,129
197,130
198,16
199,131
200,132
201,133
202,134
203,103
204,135
205,136
206,137
207,12
208,138
209,6
210,139
211,56
212,140
213,6
214,141
215,25
216,142
217,143
218,144
219,145
220,6
221,146
222,16
223,8
224,6
225,147
226,148
227,149
228,44
229,6
230,16
231,129
232,54
233,150
234,6
235,151
236,152
237,153
238,154
239,24
240,155
241,16
242,156
243,41
244,45
245,157
246,158
247,159
248,160
249,161
250,104
251,6
252,162
253,24
254,61
255,91
256,163
257,164
258,165
259,166
260,167
261,16
262,39
263,6
264,24
265,104
266,168
267,6
268,6
269,12
270,169
271,6
272,170
273,171
274,129
275,172
276,12
277,4
278,61
279,173
280,83
281,6
282,16
283,60
284,6
285,104
286,6
287,61
288,174
289,97
290,39
291,24
292,175
293,6
294,60
295,104
296,176
297,177
298,166
299,45
300,178
301,179
302,177
303,103
304,180
305,181
306,182
307,35
308,6
309,183
310,16
311,184
312,185
313,86
314,186
315,187
316,6
317,188
318,189
319,24
320,190
321,191
322,192
323,75
324,193
325,194
326,35
327,195
328,196
329,197
330,198
331,129
332,199
333,200
334,201
335,202
336,178
337,104
338,203
339,204
340,205
341,134
342,206
343,207
344,208
345,6
346,209
347,19
348,210
349,211
350,61
351,94
352,12
353,129
354,45
355,157
356,41
357,212
358,213
359,214
360,215
361,87
362,199
363,63
364,216
365,35
366,217
367,61
368,35
369,218
370,6
371,219
372,189
373,220
374,221
375,6
376,6
377,222
378,25
379,223
380,224
381,225
382,226
383,44
384,151
385,61
386,227
387,228
388,104
389,229
390,230
391,56
392,231
393,232
394,6
395,70
396,233
397,234
398,6
399,235
400,236
401,237
402,224
403,238
404,16
405,14
406,44
407,239
408,240
409,19
410,174
411,70
412,8
413,241
414,24
415,242
416,98
417,44
418,45
419,243
420,244
421,245
422,246
423,83
424,247
425,248
426,249
427,177
428,83
429,250
430,40
431,251
432,6
433,252
434,253
435,254
436,255
437,256
438,169
439,257
440,258
441,18
442,152
443,131
444,6
445,259
446,260
447,94
448,261
449,14
450,43
451,262
452,263
453,264
454,228
455,77
456,16
457,265
458,266
459,267
460,6
461,268
462,6
463,269
464,189
465,144
466,270
467,271
468,272
469,273
470,122
471,274
472,275
473,276
474,78
475,277
476,278
477,279
478,104
479,56
480,6
481,97
482,280
483,281
484,282
485,6
486,61
487,24
488,283
489,12
490,284
491,50
492,285
493,16
494,61
495,286
496,91
497,287
498,288
499,199
500,202
501,6
502,289
503,290
504,56
505,162
506,219
507,244
508,291
509,58
510,43
511,292
512,8
513,184
514,293
515,294
516,104
517,295
518,162
519,27
520,296
521,61
522,297
523,56
524,40
525,97
526,126
527,181
528,76
529,41
530,104
531,298
532,16
533,23
534,56
535,299
536,273
537,119
538,6
539,134
540,122
541,300
542,301
543,16
544,94
545,302
546,8
547,55
548,303
549,304
550,6
551,61
552,305
553,45
554,306
555,217
556,35
557,307
558,25
559,54
560,308
561,103
562,213
563,6
564,309
565,188
566,20
567,310
568,311
569,56
570,39
571,178
572,91
573,196
574,6
575,12
576,312
577,313
578,314
579,97
580,14
581,315
582,250
583,6
584,104
585,316
586,317
587,44
588,119
589,24
590,134
591,318
592,319
593,320
594,321
595,322
596,169
597,323
598,6
599,126
600,324
601,16
602,27
603,325
604,24
605,27
606,24
607,326
608,327
609,103
610,6
611,6
612,67
613,178
614,328
615,43
616,221
617,111
618,329
619,152
620,330
621,331
622,332
623,333
624,334
625,6
626,6
627,335
628,336
629,337
630,104
631,215
632,338
633,339
634,340
635,315
636,14
637,45
638,6
639,61
640,341
641,342
642,260
643,6
644,343
645,344
646,104
647,6
648,24
649,345
650,346
651,347
652,348
653,6
654,83
655,104
656,35
657,349
658,350
659,61
660,351
661,352
662,110
663,107
664,44
665,177
666,353
667,354
668,355
669,356
670,24
671,336
672,122
673,213
674,131
675,30
676,357
677,202
678,358
679,359
680,6
681,6
682,176
683,6
684,184
685,116
686,16
687,360
688,157
689,6
690,6
691,119
692,119
693,361
694,227
695,44
696,362
697,363
698,238
699,364
700,83
701,365
702,366
703,16
704,6
705,367
706,368
707,369
708,232
709,6
710,12
711,370
712,371
713,372
714,373
715,349
716,374
717,56
718,375
719,376
720,166
721,377
722,189
723,378
724,138
725,379
726,177
727,18
728,380
729,16
730,381
731,6
732,31
733,382
734,16
735,27
736,372
737,12
738,383
739,162
740,166
741,157
742,384
743,119
744,385
745,6
746,104
747,200
748,162
749,386
750,6
751,387
752,388
753,389
754,390
755,97
756,192
757,266
758,16
759,361
760,391
761,6
762,27
763,133
764,348
765,6
766,126
767,353
768,276
769,390
770,12
771,392
772,6
773,286
774,19
775,393
776,394
777,97
778,6
779,115
780,6
781,24
782,116
783,12
784,228
785,24
786,61
787,395
788,39
789,103
790,396
791,6
792,96
793,397
794,14
795,398
796,368
797,292
798,165
799,399
800,74
801,109
802,400
803,401
804,6
805,364
806,402
807,403
808,16
809,149
810,44
811,27
812,194
813,52
814,404
815,405
816,406
817,76
818,16
819,407
820,27
821,364
822,408
823,409
824,353
825,179
826,410
827,258
828,230
829,6
830,411
831,6
832,353
833,412
834,413
835,6
836,6
837,126
838,43
839,414
840,206
841,54
842,20
843,6
844,415
845,265
846,416
847,417
848,418
849,410
850,178
851,366
852,419
853,420
854,421
855,267
856,6
857,97
858,16
859,312
860,422
861,24
862,423
863,6
864,27
865,424
866,361
867,14
868,425
869,426
870,39
871,199
872,265
873,244
874,169
875,231
876,129
877,427
878,97
879,428
880,104
881,43
882,16
883,67
884,404
885,429
886,39
887,430
888,291
889,118
890,104
891,69
892,6
893,387
894,431
895,106
896,432
897,240
898,16
899,51
900,103
901,27
902,433
903,434
904,16
905,435
906,6
907,436
908,178
909,186
910,274
911,437
912,372
913,6
914,1
915,12
916,75
917,438
918,87
919,439
920,397
921,161
922,440
923,178
924,114
925,64
926,104
927,16
928,27
929,441
930,6
931,35
932,265
933,157
934,442
935,443
936,83
937,6
938,178
939,339
940,6
941,444
942,6
943,445
944,446
945,27
946,52
947,361
948,6
949,104
950,212
951,6
952,6
953,443
954,61
955,24
956,6
957,62
958,447
959,24
960,24
961,448
962,449
963,41
964,97
965,60
966,6
967,280
968,286
969,450
970,346
971,451
972,452
973,162
974,453
975,41
976,454
977,455
978,14
979,177
980,456
981,303
982,457
983,6
984,104
985,266
986,458
987,59
988,318
989,459
990,6
991,258
992,460
993,12
994,461
995,462
996,113
997,6
998,463
999,290
1000,126
1001,127
1002,318
1003,16
1004,17
1005,464
1006,465
1007,276
1008,230
1009,466
1010,346
1011,467
1012,468
1013,469
1014,6
1015,73
1016,205
1017,470
1018,471
1019,472
1020,70
1021,149
1022,473
1023,474
1024,410
1025,103
1026,326
1027,202
1028,122
1029,475
1030,476
1031,477
1032,35
1033,478
1034,6
1035,303
1036,315
1037,12
1038,479
1039,408
1040,480
1041,6
1042,169
1043,481
1044,303
1045,408
1046,462
1047,12
1048,335
1049,61
1050,6
1051,6
1052,377
1053,191
1054,427
1055,482
1056,470
1057,206
1058,483
1059,1
1060,484
1061,102
1062,6
1063,327
1064,485
1065,6
1066,169
1067,6
1068,486
1069,487
1070,258
1071,12
1072,217
1073,349
1074,6
1075,84
1076,309
1077,19
1078,488
1079,24
1080,489
1081,490
1082,8
1083,491
1084,12
1085,492
1086,493
1087,494
1088,495
1089,6
1090,496
1091,497
1092,119
1093,498
1094,77
1095,180
1096,140
1097,12
1098,202
1099,61
1100,499
1101,6
1102,500
1103,35
1104,6
1105,66
1106,339
1107,6
1108,6
1109,104
1110,72
1111,50
1112,24
1113,501
1114,502
1115,169
1116,55
1117,272
1118,6
1119,503
1120,24
1121,296
1122,504
1123,309
1124,505
1125,41
1126,6
1127,16
1128,18
1129,364
1130,157
1131,257
1132,236
1133,16
1134,390
1135,54
1136,16
1137,506
1138,103
1139,225
1140,19
1141,507
1142,44
1143,508
1144,97
1145,27
1146,325
1147,266
1148,509
1149,510
1150,511
1151,119
1152,6
1153,67
1154,512
1155,464
1156,315
1157,61
1158,152
1159,232
1160,513
1161,514
1162,20
1163,6
1164,232
1165,251
1166,6
1167,515
1168,10
1169,390
1170,6
1171,516
1172,104
1173,517
1174,107
1175,70
1176,518
1177,122
1178,6
1179,16
1180,6
1181,16
1182,501
1183,129
1184,6
1185,39
1186,35
1187,117
1188,6
1189,386
1190,519
1191,520
1192,521
1193,145
1194,517
1195,103
1196,522
1197,523
1198,189
1199,119
1200,338
1201,129
1202,524
1203,27
1204,6
1205,525
1206,432
1207,6
1208,374
1209,526
1210,157
1211,6
1212,55
1213,152
1214,527
1215,386
1216,455
1217,19
1218,6
1219,191
1220,270
1221,76
1222,97
1223,88
1224,264
1225,424
1226,6
1227,298
1228,76
1229,387
1230,112
1231,44
1232,222
1233,157
1234,510
1235,178
1236,16
1237,6
1238,122
1239,528
1240,296
1241,162
1242,59
1243,529
1244,530
1245,12
1246,112
1247,531
1248,532
1249,67
1250,533
1251,6
1252,534
1253,535
1254,144
1255,336
1256,16
1257,353
1258,14
1259,356
1260,50
1261,177
1262,19
1263,94
1264,6
1265,6
1266,35
1267,6
1268,16
1269,536
1270,184
1271,537
1272,181
1273,399
1274,538
1275,6
1276,19
1277,66
1278,386
1279,6
1280,539
1281,6
1282,540
1283,52
1284,129
1285,6
1286,541
1287,542
1288,538
1289,543
1290,104
1291,59
1292,16
1293,544
1294,545
1295,77
1296,54
1297,129
1298,61
1299,107
1300,434
1301,6
1302,16
1303,44
1304,546
1305,227
1306,353
1307,39
1308,547
1309,27
1310,548
1311,336
1312,301
1313,549
1314,550
1315,551
1316,552
1317,553
1318,554
1319,39
1320,4
1321,230
1322,434
1323,24
1324,75
1325,104
1326,129
1327,290
1328,304
1329,318
1330,416
1331,555
1332,157
1333,186
1334,257
1335,336
1336,12
1337,20
1338,556
1339,39
1340,280
1341,557
1342,318
1343,223
1344,69
1345,43
1346,356
1347,43
1348,6
1349,66
1350,6
1351,44
1352,103
1353,318
1354,104
1355,558
1356,178
1357,97
1358,244
1359,559
1360,6
1361,560
1362,104
1363,6
1364,158
1365,54
1366,561
1367,6
1368,35
1369,161
1370,14
1371,6
1372,56
1373,61
1374,25
1375,83
1376,104
1377,14
1378,152
1379,318
1380,562
1381,6
1382,563
1383,422
1384,564
1385,565
1386,39
1387,169
1388,6
1389,566
1390,104
1391,19
1392,567
1393,276
1394,12
1395,513
1396,120
1397,129
1398,52
1399,230
1400,519
1401,318
1402,54
1403,169
1404,232
1405,319
1406,83
1407,6
1408,395
1409,230
1410,8
1411,568
1412,177
1413,179
1414,6
1415,569
1416,570
1417,571
1418,20
1419,572
1420,517
1421,554
1422,55
1423,6
1424,361
1425,129
1426,318
1427,573
1428,14
1429,6
1430,202
1431,172
1432,490
1433,6
1434,269
1435,574
1436,361
1437,575
1438,16
1439,24
1440,400
1441,66
1442,27
1443,576
1444,577
1445,121
1446,578
1447,348
1448,353
1449,229
1450,573
1451,169
1452,10
1453,6
1454,44
1455,579
1456,580
1457,430
1458,258
1459,6
1460,581
1461,420
1462,308
1463,6
1464,19
1465,582
1466,169
1467,583
1468,584
1469,14
1470,101
1471,585
1472,6
1473,44
1474,586
1475,232
1476,181
1477,587
1478,205
1479,6
1480,62
1481,588
1482,589
1483,590
1484,24
1485,90
1486,591
1487,269
1488,592
1489,103
1490,593
1491,35
1492,19
1493,318
1494,6
1495,176
1496,6
1497,425
1498,258
1499,104
1500,50
1501,329
1502,103
1503,180
1504,308
1505,361
1506,110
1507,75
1508,447
1509,39
1510,43
1511,594
1512,595
1513,596
1514,71
1515,6
1516,447
1517,126
1518,197
1519,386
1520,145
1521,114
1522,597
1523,104
1524,56
1525,231
1526,12
1527,598
1528,77
1529,6
1530,178
1531,117
1532,599
1533,43
1534,399
1535,177
1536,528
1537,97
1538,6
1539,43
1540,54
1541,94
1542,251
1543,12
1544,600
1545,14
1546,601
1547,16
1548,135
1549,495
1550,602
1551,603
1552,70
1553,604
1554,119
1555,325
1556,605
1557,35
1558,56
1559,117
1560,166
1561,177
1562,606
1563,325
1564,389
1565,61
1566,458
1567,104
1568,103
1569,27
1570,607
1571,453
1572,608
1573,609
1574,610
1575,122
1576,579
1577,420
1578,178
1579,199
1580,230
1581,157
1582,61
1583,611
1584,75
1585,612
1586,613
1587,35
1588,575
1589,126
1590,16
1591,614
1592,21
1593,498
1594,44
1595,161
1596,16
1597,115
1598,104
1599,16
1600,6
1601,243
1602,238
1603,43
1604,182
1605,6
1606,61
1607,615
1608,97
1609,6
1610,177
1611,616
1612,16
1613,617
1614,41
1615,1
1616,503
1617,6
1618,153
1619,35
1620,45
1621,6
1622,6
1623,6
1624,421
1625,480
1626,162
1627,566
1628,301
1629,618
1630,316
1631,6
1632,222
1633,27
1634,619
1635,536
1636,620
1637,621
1638,595
1639,87
1640,509
1641,104
1642,622
1643,5
1644,111
1645,419
1646,76
1647,177
1648,623
1649,186
1650,169
1651,331
1652,624
1653,129
1654,344
1655,373
1656,224
1657,232
1658,410
1659,625
1660,626
1661,627
1662,6
1663,628
1664,629
1665,630
1666,111
1667,157
1668,390
1669,631
1670,54
1671,632
1672,19
1673,169
1674,104
1675,137
1676,16
1677,633
1678,634
1679,178
1680,6
1681,162
1682,6
1683,69
1684,27
1685,313
1686,635
1687,25
1688,119
1689,636
1690,24
1691,265
1692,616
1693,426
1694,157
1695,434
1696,6
1697,361
1698,637
1699,521
1700,6
1701,111
1702,52
1703,638
1704,25
1705,44
1706,386
1707,447
1708,473
1709,191
1710,6
1711,25
1712,639
1713,177
1714,640
1715,641
1716,177
1717,642
1718,19
1719,54
1720,184
1721,27
1722,643
1723,143
1724,27
1725,644
1726,12
1727,373
1728,182
1729,199
1730,76
1731,6
1732,61
1733,35
1734,39
1735,16
1736,645
1737,646
1738,6
1739,103
1740,6
1741,16
1742,6
1743,14
1744,177
1745,427
1746,647
1747,631
1748,498
1749,648
1750,25
1751,649
1752,579
1753,77
1754,535
1755,40
1756,530
1757,35
1758,143
1759,221
1760,650
1761,178
1762,6
1763,566
1764,255
1765,14
1766,87
1767,651
1768,652
1769,653
1770,19
1771,263
1772,44
1773,286
1774,520
1775,24
1776,494
1777,152
1778,116
1779,6
1780,536
1781,12
1782,654
1783,324
1784,6
1785,6
1786,6
1787,129
1788,177
1789,6
1790,116
1791,6
1792,655
1793,370
1794,169
1795,656
1796,14
1797,111
1798,66
1799,169
1800,404
1801,52
1802,27
1803,14
1804,6
1805,244
1806,129
1807,199
1808,217
1809,75
1810,6
1811,103
1812,6
1813,657
1814,331
1815,1
1816,296
1817,88
1818,72
1819,16
1820,97
1821,658
1822,250
1823,6
1824,308
1825,659
1826,660
1827,16
1828,480
1829,83
1830,6
1831,104
1832,6
1833,661
1834,662
1835,32
1836,339
1837,67
1838,6
1839,663
1840,664
1841,401
1842,480
1843,665
1844,16
1845,97
1846,103
1847,24
1848,6
1849,6
1850,666
1851,667
1852,391
1853,24
1854,19
1855,12
1856,538
1857,668
1858,197
1859,16
1860,669
1861,670
1862,671
1863,1
1864,6
1865,443
1866,492
1867,672
1868,19
1869,24
1870,358
1871,247
1872,35
1873,10
1874,505
1875,189
1876,16
1877,59
1878,39
1879,296
1880,6
1881,56
1882,673
1883,152
1884,103
1885,6
1886,505
1887,674
1888,413
1889,675
1890,184
1891,506
1892,676
1893,78
1894,677
1895,35
1896,6
1897,678
1898,61
1899,54
1900,203
1901,103
1902,679
1903,680
1904,681
1905,119
1906,8
1907,6
1908,6
1909,27
1910,152
1911,24
1912,150
1913,116
1914,369
1915,129
1916,6
1917,43
1918,682
1919,157
1920,35
1921,438
1922,35
1923,82
1924,206
1925,683
1926,199
1927,103
1928,180
1929,614
1930,6
1931,16
1932,684
1933,6
1934,6
1935,143
1936,6
1937,6
1938,67
1939,353
1940,434
1941,685
1942,56
1943,686
1944,626
1945,687
1946,688
1947,689
1948,6
1949,690
1950,104
1951,111
1952,112
1953,6
1954,691
1955,692
1956,89
1957,663
1958,693
1959,6
1960,290
1961,18
1962,16
1963,62
1964,202
1965,231
1966,179
1967,61
1968,694
1969,695
1970,696
1971,104
1972,697
1973,698
1974,619
1975,178
1976,353
1977,24
1978,308
1979,104
1980,189
1981,6
1982,197
1983,698
1984,318
1985,103
1986,6
1987,24
1988,566
1989,345
1990,301
1991,50
1992,699
1993,109
1994,199
1995,45
1996,435
1997,309
1998,290
1999,318
2000,567
2001,83
2002,6
2003,6
2004,157
2005,280
2006,353
2007,700
2008,6
2009,6
2010,6
2011,386
2012,129
2013,269
2014,178
2015,701
2016,336
2017,157
2018,261
2019,6
2020,6
2021,431
2022,6
2023,10
2024,702
2025,703
2026,704
2027,166
2028,112
2029,6
2030,39
2031,641
2032,54
2033,6
2034,705
2035,706
2036,97
2037,687
2038,97
2039,707
2040,116
2041,390
2042,6
2043,708
2044,607
2045,286
2046,709
2047,710
2048,44
2049,12
2050,478
2051,281
2052,318
2053,6
2054,76
2055,540
2056,152
2057,355
2058,6
2059,711
2060,492
2061,114
2062,73
2063,712
2064,24
2065,713
2066,110
2067,12
2068,501
2069,6
2070,121
2071,609
2072,665
2073,714
2074,386
2075,27
2076,106
2077,199
2078,61
2079,228
2080,112
2081,232
2082,6
2083,581
2084,24
2085,6
2086,715
2087,104
2088,6
2089,575
2090,14
2091,176
2092,538
2093,19
2094,61
2095,6
2096,44
2097,716
2098,6
2099,717
2100,14
2101,718
2102,16
2103,325
2104,206
2105,6
2106,447
2107,719
2108,720
2109,35
2110,1
2111,178
2112,19
2113,39
2114,318
2115,12
2116,136
2117,39
2118,337
2119,6
2120,77
2121,721
2122,6
2123,25
2124,247
2125,722
2126,39
2127,345
2128,6
2129,113
2130,295
2131,177
2132,197
2133,658
2134,403
2135,178
2136,723
2137,129
2138,724
2139,567
2140,11
2141,16
2142,361
2143,6
2144,119
2145,725
2146,492
2147,129
2148,726
2149,708
2150,356
2151,6
2152,8
2153,642
2154,83
2155,727
2156,61
2157,355
2158,728
2159,14
2160,119
2161,229
2162,122
2163,60
2164,152
2165,283
2166,307
2167,24
2168,19
2169,97
2170,177
2171,605
2172,169
2173,729
2174,730
2175,731
2176,45
2177,732
2178,6
2179,6
2180,733
2181,298
2182,39
2183,67
2184,129
2185,127
2186,6
2187,112
2188,20
2189,368
2190,6
2191,501
2192,129
2193,4
2194,197
2195,162
2196,6
2197,6
2198,734
2199,735
2200,96
2201,6
2202,154
2203,736
2204,295
2205,16
2206,61
2207,634
2208,192
2209,213
2210,44
2211,522
2212,169
2213,509
2214,169
2215,16
2216,566
2217,637
2218,737
2219,738
2220,739
2221,186
2222,6
2223,740
2224,316
2225,199
2226,440
2227,56
2228,6
2229,56
2230,252
2231,176
2232,374
2233,741
2234,742
2235,16
2236,637
2237,8
2238,39
2239,743
2240,6
2241,6
2242,744
2243,6
2244,44
2245,152
2246,197
2247,27
2248,6
2249,50
2250,331
2251,745
2252,272
2253,157
2254,400
2255,746
2256,119
2257,27
2258,412
2259,75
2260,623
2261,217
2262,12
2263,545
2264,25
2265,6
2266,382
2267,747
2268,12
2269,336
2270,461
2271,447
2272,311
2273,119
2274,104
2275,748
2276,6
2277,24
2278,440
2279,645
2280,6
2281,76
2282,6
2283,6
2284,104
2285,749
2286,19
2287,331
2288,45
2289,54
2290,16
2291,438
2292,750
2293,49
2294,35
2295,61
2296,354
2297,625
2298,16
2299,6
2300,6
2301,564
2302,263
2303,442
2304,16
2305,751
2306,528
2307,76
2308,336
2309,54
2310,6
2311,258
2312,12
2313,6
2314,16
2315,107
2316,752
2317,14
2318,61
2319,753
2320,754
2321,717
2322,56
2323,755
2324,150
2325,296
2326,307
2327,44
2328,35
2329,535
2330,756
2331,67
2332,35
2333,35
2334,232
2335,6
2336,205
2337,4
2338,757
2339,361
2340,758
2341,44
2342,6
2343,759
2344,39
2345,54
2346,477
2347,129
2348,335
2349,75
2350,97
2351,6
2352,1
2353,447
2354,760
2355,449
2356,111
2357,206
2358,761
2359,35
2360,59
2361,104
2362,313
2363,410
2364,581
2365,762
2366,6
2367,763
2368,163
2369,764
2370,16
2371,765
2372,199
2373,766
2374,27
2375,161
2376,6
2377,59
2378,649
2379,697
2380,767
2381,569
2382,227
2383,88
2384,14
2385,768
2386,6
2387,258
2388,6
2389,179
2390,75
2391,336
2392,769
2393,69
2394,318
2395,54
2396,6
2397,770
2398,206
2399,41
2400,771
2401,258
2402,438
2403,459
2404,772
2405,423
2406,772
2407,614
2408,626
2409,401
2410,630
2411,600
2412,503
2413,773
2414,6
2415,774
2416,27
2417,419
2418,165
2419,308
2420,24
2421,775
2422,56
2423,181
2424,35
2425,631
2426,591
2427,776
2428,777
2429,231
2430,386
2431,391
2432,16
2433,318
2434,191
2435,215
2436,241
2437,778
2438,6
2439,779
2440,64
2441,27
2442,520
2443,780
2444,781
2445,5
2446,521
2447,179
2448,104
2449,97
2450,645
2451,782
2452,96
2453,44
2454,503
2455,783
2456,631
2457,107
2458,6
2459,73
2460,6
2461,197
2462,6
2463,162
2464,784
2465,30
2466,110
2467,157
2468,14
2469,178
2470,291
2471,480
2472,67
2473,785
2474,152
2475,786
2476,6
2477,408
2478,397
2479,169
2480,361
2481,668
2482,196
2483,122
2484,6
2485,6
2486,6
2487,54
2488,116
2489,6
2490,59
2491,157
2492,265
2493,6
2494,103
2495,412
2496,6
2497,6
2498,787
2499,546
2500,788
2501,377
2502,789
2503,6
2504,790
2505,604
2506,757
2507,315
2508,791
2509,6
2510,792
2511,793
2512,794
2513,795
2514,421
2515,227
2516,796
2517,104
2518,107
2519,54
2520,12
2521,110
2522,152
2523,24
2524,797
2525,348
2526,798
2527,799
2528,181
2529,457
2530,232
2531,800
2532,6
2533,56
2534,651
2535,801
2536,802
2537,605
2538,199
2539,6
2540,252
2541,104
2542,803
2543,397
2544,538
2545,16
2546,54
2547,592
2548,804
2549,97
2550,103
2551,346
2552,6
2553,6
2554,6
2555,104
2556,11
2557,536
2558,657
2559,6
2560,16
2561,119
2562,339
2563,6
2564,70
2565,6
2566,169
2567,162
2568,16
2569,83
2570,6
2571,444
2572,805
2573,104
2574,54
2575,6
2576,258
2577,234
2578,620
2579,6
2580,119
2581,61
2582,523
2583,806
2584,353
2585,377
2586,145
2587,43
2588,61
2589,547
2590,54
2591,755
2592,807
2593,50
2594,672
2595,16
2596,58
2597,808
2598,225
2599,318
2600,6
2601,683
2602,16
2603,318
2604,6
2605,266
2606,809
2607,62
2608,103
2609,810
2610,811
2611,512
2612,425
2613,812
2614,480
2615,785
2616,494
2617,44
2618,813
2619,257
2620,318
2621,814
2622,165
2623,152
2624,815
2625,180
2626,75
2627,37
2628,816
2629,106
2630,817
2631,67
2632,24
2633,43
2634,818
2635,122
2636,258
2637,43
2638,189
2639,819
2640,377
2641,20
2642,122
2643,76
2644,820
2645,673
2646,821
2647,775
2648,50
2649,104
2650,54
2651,43
2652,6
2653,619
2654,822
2655,6
2656,6
2657,614
2658,176
2659,61
2660,97
2661,480
2662,823
2663,119
2664,67
2665,386
2666,801
2667,186
2668,683
2669,247
2670,181
2671,824
2672,199
2673,67
2674,6
2675,19
2676,318
2677,825
2678,826
2679,106
2680,345
2681,6
2682,827
2683,828
2684,658
2685,83
2686,418
2687,61
2688,169
2689,110
2690,318
2691,25
2692,145
2693,829
2694,265
2695,682
2696,579
2697,323
2698,61
2699,24
2700,830
2701,709
2702,88
2703,129
2704,169
2705,540
2706,41
2707,480
2708,831
2709,727
2710,567
2711,623
2712,832
2713,833
2714,16
2715,186
2716,230
2717,834
2718,318
2719,32
2720,215
2721,374
2722,835
2723,6
2724,836
2725,745
2726,35
2727,837
2728,838
2729,6
2730,839
2731,840
2732,841
2733,39
2734,225
2735,842
2736,6
2737,122
2738,348
2739,104
2740,297
2741,31
2742,6
2743,112
2744,25
2745,6
2746,596
2747,103
2748,336
2749,843
2750,743
2751,188
2752,6
2753,318
2754,117
2755,43
2756,119
2757,307
2758,35
2759,6
2760,12
2761,8
2762,200
2763,56
2764,199
2765,6
2766,114
2767,16
2768,219
2769,176
2770,6
2771,505
2772,80
2773,844
2774,35
2775,152
2776,845
2777,205
2778,846
2779,319
2780,194
2781,847
2782,252
2783,178
2784,6
2785,16
2786,115
2787,169
2788,104
2789,198
2790,88
2791,41
2792,346
2793,848
2794,43
2795,6
2796,286
2797,849
2798,602
2799,6
2800,35
2801,8
2802,349
2803,850
2804,201
2805,6
2806,181
2807,205
2808,202
2809,851
2810,111
2811,249
2812,101
2813,44
2814,498
2815,852
2816,470
2817,6
2818,228
2819,853
2820,396
2821,319
2822,658
2823,361
2824,6
2825,854
2826,855
2827,152
2828,856
2829,857
2830,480
2831,6
2832,858
2833,50
2834,859
2835,1
2836,44
2837,860
2838,353
2839,169
2840,6
2841,44
2842,54
2843,6
2844,370
2845,861
2846,27
2847,115
2848,6
2849,6
2850,353
2851,589
2852,501
2853,542
2854,6
2855,298
2856,862
2857,117
2858,469
2859,16
2860,104
2861,712
2862,6
2863,56
2864,863
2865,864
2866,865
2867,103
2868,6
2869,318
2870,748
2871,866
2872,244
2873,11
2874,382
2875,148
2876,97
2877,321
2878,142
2879,865
2880,618
2881,703
2882,867
2883,790
2884,174
2885,308
2886,6
2887,868
2888,391
2889,635
2890,869
2891,870
2892,61
2893,871
2894,272
2895,387
2896,657
2897,649
2898,6
2899,872
2900,179
2901,73
2902,801
2903,307
2904,408
2905,702
2906,442
2907,6
2908,618
2909,873
2910,169
2911,177
2912,874
2913,196
2914,6
2915,18
2916,6
2917,439
2918,875
2919,104
2920,129
2921,876
2922,877
2923,878
2924,152
2925,197
2926,308
2927,199
2928,12
2929,725
2930,472
2931,353
2932,20
2933,24
2934,189
2935,56
2936,6
2937,879
2938,213
2939,567
2940,371
2941,880
2942,157
2943,152
2944,39
2945,455
2946,331
2947,35
2948,20
2949,35
2950,119
2951,52
2952,187
2953,881
2954,104
2955,472
2956,257
2957,103
2958,410
2959,75
2960,165
2961,56
2962,189
2963,169
2964,882
2965,24
2966,199
2967,644
2968,883
2969,884
2970,14
2971,6
2972,97
2973,567
2974,6
2975,885
2976,886
2977,887
2978,479
2979,6
2980,888
2981,185
2982,44
2983,473
2984,12
2985,247
2986,70
2987,157
2988,103
2989,92
2990,6
2991,39
2992,16
2993,743
2994,16
2995,6
2996,101
2997,6
2998,6
2999,16
3000,770
3001,504
3002,27
3003,122
3004,104
3005,8
3006,566
3007,356
3008,44
3009,103
3010,889
3011,866
3012,103
3013,6
3014,6
3015,97
3016,6
3017,169
3018,6
3019,6
3020,6
3021,213
3022,386
3023,61
3024,19
3025,8
3026,61
3027,35
3028,607
3029,227
3030,890
3031,6
3032,891
3033,892
3034,290
3035,6
3036,672
3037,893
3038,251
3039,19
3040,191
3041,618
3042,154
3043,894
3044,157
3045,6
3046,14
3047,254
3048,152
3049,103
3050,12
3051,895
3052,12
3053,8
3054,68
3055,492
3056,27
3057,104
3058,12
3059,865
3060,896
3061,177
3062,91
3063,119
3064,467
3065,97
3066,27
3067,879
3068,269
3069,16
3070,6
3071,526
3072,897
3073,112
3074,16
3075,12
3076,12
3077,217
3078,80
3079,244
3080,6
3081,898
3082,129
3083,24
3084,83
3085,700
3086,837
3087,27
3088,6
3089,785
3090,743
3091,6
3092,39
3093,39
3094,631
3095,527
3096,16
3097,12
3098,189
3099,45
3100,467
3101,199
3102,76
3103,61
3104,480
3105,6
3106,98
3107,406
3108,899
3109,276
3110,169
3111,103
3112,104
3113,61
3114,295
3115,900
3116,901
3117,19
3118,144
3119,902
3120,61
3121,127
3122,853
3123,110
3124,903
3125,215
3126,742
3127,179
3128,22
3129,45
3130,321
3131,827
3132,904
3133,119
3134,905
3135,16
3136,769
3137,386
3138,409
3139,906
3140,308
3141,649
3142,113
3143,907
3144,41
3145,206
3146,104
3147,157
3148,6
3149,818
3150,104
3151,374
3152,6
3153,169
3154,908
3155,16
3156,104
3157,785
3158,169
3159,203
3160,155
3161,43
3162,54
3163,909
3164,199
3165,231
3166,910
3167,447
3168,835
3169,91
3170,911
3171,16
3172,129
3173,122
3174,27
3175,912
3176,14
3177,104
3178,6
3179,913
3180,27
3181,914
3182,399
3183,915
3184,916
3185,350
3186,386
3187,6
3188,741
3189,879
3190,917
3191,123
3192,60
3193,119
3194,39
3195,918
3196,62
3197,98
3198,597
3199,77
3200,258
3201,919
3202,679
3203,236
3204,558
3205,56
3206,227
3207,920
3208,361
3209,361
3210,386
3211,6
3212,169
3213,921
3214,389
3215,922
3216,35
3217,30
3218,923
3219,230
3220,339
3221,924
3222,6
3223,431
3224,440
3225,24
3226,44
3227,925
3228,91
3229,177
3230,244
3231,918
3232,480
3233,336
3234,152
3235,286
3236,634
3237,129
3238,926
3239,14
3240,119
3241,176
3242,107
3243,241
3244,927
3245,928
3246,715
3247,305
3248,873
3249,16
3250,112
3251,929
3252,13
3253,35
3254,16
3255,6
3256,318
3257,72
3258,292
3259,930
3260,6
3261,480
3262,16
3263,931
3264,41
3265,6
3266,308
3267,644
3268,480
3269,410
3270,318
3271,50
3272,837
3273,505
3274,14
3275,345
3276,29
3277,6
3278,480
3279,25
3280,372
3281,292
3282,75
3283,932
3284,6
3285,6
3286,6
3287,6
3288,231
3289,545
3290,447
3291,35
3292,933
3293,177
3294,169
3295,197
3296,199
3297,177
3298,45
3299,25
3300,318
3301,934
3302,156
3303,886
3304,6
3305,181
3306,41
3307,724
3308,683
3309,599
3310,935
3311,607
3312,459
3313,318
3314,206
3315,12
3316,503
3317,136
3318,103
3319,904
3320,298
3321,687
3322,191
3323,305
3324,6
3325,76
3326,231
3327,936
3328,318
3329,44
3330,937
3331,103
3332,27
3333,104
3334,157
3335,25
3336,169
3337,631
3338,202
3339,6
3340,104
3341,623
3342,379
3343,40
3344,6
3345,292
3346,938
3347,12
3348,6
3349,73
3350,27
3351,177
3352,6
3353,39
3354,800
3355,24
3356,122
3357,6
3358,178
3359,56
3360,6
3361,939
3362,45
3363,940
3364,941
3365,425
3366,44
3367,342
3368,6
3369,152
3370,942
3371,108
3372,104
3373,189
3374,943
3375,16
3376,864
3377,62
3378,11
3379,76
3380,395
3381,290
3382,480
3383,35
3384,91
3385,199
3386,607
3387,456
3388,289
3389,14
3390,45
3391,6
3392,944
3393,434
3394,64
3395,16
3396,945
3397,19
3398,44
3399,364
3400,946
3401,335
3402,520
3403,25
3404,506
3405,54
3406,217
3407,44
3408,35
3409,43
3410,39
3411,372
3412,44
3413,492
3414,709
3415,753
3416,154
3417,110
3418,353
3419,140
3420,161
3421,6
3422,6
3423,39
3424,855
3425,122
3426,178
3427,189
3428,6
3429,16
3430,75
3431,205
3432,296
3433,6
3434,61
3435,947
3436,542
3437,360
3438,120
3439,19
3440,25
3441,152
3442,948
3443,6
3444,6
3445,949
3446,16
3447,672
3448,420
3449,145
3450,950
3451,157
3452,660
3453,35
3454,535
3455,16
3456,951
3457,228
3458,952
3459,152
3460,269
3461,165
3462,953
3463,16
3464,6
3465,104
3466,196
3467,6
3468,434
3469,954
3470,955
3471,90
3472,266
3473,6
3474,644
3475,107
3476,644
3477,486
3478,719
3479,27
3480,14
3481,24
3482,192
3483,809
3484,908
3485,693
3486,395
3487,97
3488,41
3489,299
3490,258
3491,230
3492,213
3493,308
3494,356
3495,494
3496,258
3497,709
3498,104
3499,956
3500,24
3501,12
3502,8
3503,119
3504,957
3505,119
3506,708
3507,52
3508,82
3509,958
3510,16
3511,25
3512,6
3513,909
3514,17
3515,959
3516,6
3517,6
3518,477
3519,545
3520,575
3521,6
3522,960
3523,6
3524,27
3525,585
3526,336
3527,4
3528,961
3529,199
3530,16
3531,104
3532,962
3533,176
3534,963
3535,313
3536,231
3537,161
3538,178
3539,199
3540,199
3541,12
3542,104
3543,166
3544,964
3545,6
3546,335
3547,456
3548,56
3549,19
3550,965
3551,189
3552,966
3553,144
3554,967
3555,24
3556,24
3557,232
3558,6
3559,70
3560,41
3561,176
3562,968
3563,6
3564,119
3565,969
3566,119
3567,16
3568,970
3569,567
3570,665
3571,201
3572,631
3573,971
3574,6
3575,12
3576,6
3577,325
3578,972
3579,39
3580,6
3581,80
3582,61
3583,62
3584,521
3585,66
3586,395
3587,117
3588,908
3589,39
3590,496
3591,74
3592,638
3593,973
3594,6
3595,25
3596,6
3597,224
3598,45
3599,44
3600,848
3601,974
3602,62
3603,932
3604,224
3605,16
3606,975
3607,110
3608,101
3609,157
3610,54
3611,6
3612,59
3613,73
3614,6
3615,129
3616,6
3617,976
3618,104
3619,24
3620,83
3621,6
3622,977
3623,104
3624,97
3625,573
3626,12
3627,312
3628,308
3629,978
3630,129
3631,166
3632,402
3633,325
3634,152
3635,804
3636,801
3637,979
3638,6
3639,56
3640,6
3641,6
3642,81
3643,129
3644,24
3645,391
3646,520
3647,17
3648,73
3649,6
3650,732
3651,178
3652,980
3653,54
3654,981
3655,104
3656,24
3657,243
3658,982
3659,542
3660,701
3661,56
3662,641
3663,747
3664,112
3665,319
3666,24
3667,335
3668,983
3669,6
3670,984
3671,404
3672,618
3673,189
3674,492
3675,157
3676,785
3677,509
3678,74
3679,12
3680,131
3681,24
3682,469
3683,56
3684,985
3685,169
3686,43
3687,259
3688,785
3689,61
3690,109
3691,480
3692,6
3693,973
3694,272
3695,986
3696,480
3697,6
3698,69
3699,969
3700,19
3701,181
3702,865
3703,8
3704,976
3705,67
3706,213
3707,147
3708,751
3709,16
3710,194
3711,55
3712,40
3713,6
3714,189
3715,61
3716,389
3717,336
3718,490
3719,987
3720,6
3721,406
3722,106
3723,520
3724,27
3725,988
3726,61
3727,228
3728,989
3729,336
3730,978
3731,56
3732,6
3733,104
3734,869
3735,535
3736,301
3737,45
3738,830
3739,657
3740,45
3741,6
3742,27
3743,119
3744,473
3745,549
3746,6
3747,280
3748,373
3749,6
3750,406
3751,61
3752,252
3753,290
3754,129
3755,8
3756,990
3757,361
3758,27
3759,6
3760,978
3761,991
3762,866
3763,6
3764,231
3765,146
3766,8
3767,104
3768,992
3769,163
3770,6
3771,993
3772,35
3773,994
3774,103
3775,43
3776,434
3777,61
3778,641
3779,507
3780,995
3781,6
3782,12
3783,39
3784,6
3785,426
3786,626
3787,97
3788,61
3789,6
3790,45
3791,472
3792,996
3793,6
3794,179
3795,6
3796,599
3797,103
3798,997
3799,6
3800,16
3801,24
3802,998
3803,183
3804,166
3805,6
3806,187
3807,24
3808,321
3809,6
3810,166
3811,8
3812,157
3813,431
3814,708
3815,27
3816,402
3817,999
3818,398
3819,1000
3820,1001
3821,554
3822,425
3823,11
3824,535
3825,68
3826,203
3827,665
3828,24
3829,6
3830,43
3831,297
3832,73
3833,6
3834,12
3835,129
3836,116
3837,456
3838,12
3839,381
3840,129
3841,1002
3842,16
3843,177
3844,117
3845,6
3846,112
3847,977
3848,1003
3849,755
3850,6
3851,748
3852,197
3853,157
3854,1004
3855,263
3856,1005
3857,694
3858,12
3859,6
3860,6
3861,251
3862,16
3863,6
3864,1006
3865,73
3866,6
3867,12
3868,107
3869,44
3870,184
3871,155
3872,40
3873,1007
3874,35
3875,6
3876,1008
3877,181
3878,60
3879,61
3880,1009
3881,147
3882,462
3883,456
3884,1010
3885,324
3886,6
3887,941
3888,161
3889,16
3890,534
3891,12
3892,286
3893,301
3894,540
3895,1011
3896,413
3897,1012
3898,368
3899,1013
3900,873
3901,1014
3902,205
3903,27
3904,27
3905,25
3906,6
3907,6
3908,749
3909,536
3910,6
3911,16
3912,16
3913,435
3914,35
3915,6
3916,6
3917,503
3918,1015
3919,406
3920,16
3921,121
3922,106
3923,1016
3924,119
3925,232
3926,318
3927,438
3928,1017
3929,6
3930,86
3931,6
3932,19
3933,12
3934,6
3935,725
3936,1018
3937,480
3938,50
3939,605
3940,24
3941,1019
3942,169
3943,395
3944,6
3945,39
3946,181
3947,490
3948,387
3949,35
3950,1020
3951,117
3952,199
3953,563
3954,1021
3955,97
3956,104
3957,346
3958,1022
3959,6
3960,359
3961,618
3962,339
3963,189
3964,226
3965,517
3966,6
3967,260
3968,652
3969,152
3970,61
3971,174
3972,224
3973,689
3974,667
3975,6
3976,61
3977,177
3978,1023
3979,1024
3980,54
3981,6
3982,1025
3983,207
3984,6
3985,12
3986,1026
3987,1011
3988,755
3989,955
3990,1027
3991,39
3992,637
3993,117
3994,1028
3995,16
3996,579
3997,438
3998,1029
3999,6
4000,1030
4001,6
4002,336
4003,81
4004,536
4005,398
4006,1031
4007,1032
4008,751
4009,509
4010,6
4011,538
4012,772
4013,715
4014,687
4015,199
4016,536
4017,1033
4018,402
4019,145
4020,689
4021,162
4022,14
4023,6
4024,94
4025,6
4026,6
4027,8
4028,122
4029,1034
4030,238
4031,1035
4032,1036
4033,103
4034,19
4035,61
4036,110
4037,567
4038,6
4039,182
4040,152
4041,827
4042,393
4043,119
4044,6
4045,119
4046,104
4047,107
4048,104
4049,152
4050,915
4051,316
4052,157
4053,368
4054,76
4055,606
4056,73
4057,35
4058,189
4059,129
4060,891
4061,1037
4062,1027
4063,6
4064,1038
4065,24
4066,1039
4067,290
4068,1040
4069,1041
4070,406
4071,1042
4072,56
4073,336
4074,505
4075,6
4076,871
4077,619
4078,467
4079,424
4080,1043
4081,16
4082,1044
4083,6
4084,54
4085,538
4086,614
4087,12
4088,6
4089,6
4090,929
4091,6
4092,12
4093,10
4094,154
4095,56
4096,24
4097,87
4098,1045
4099,41
4100,606
4101,6
4102,231
4103,27
4104,103
4105,1046
4106,6
4107,519
4108,119
4109,455
4110,823
4111,45
4112,301
4113,186
4114,75
4115,372
4116,361
4117,12
4118,766
4119,6
4120,356
4121,91
4122,104
4123,56
4124,1047
4125,1048
4126,144
4127,1049
4128,199
4129,8
4130,16
4131,56
4132,215
4133,853
4134,547
4135,145
4136,163
4137,149
4138,6
4139,61
4140,69
4141,6
4142,389
4143,91
4144,455
4145,6
4146,353
4147,1050
4148,72
4149,229
4150,241
4151,312
4152,387
4153,752
4154,567
4155,641
4156,301
4157,12
4158,345
4159,1051
4160,6
4161,54
4162,410
4163,487
4164,179
4165,14
4166,6
4167,177
4168,122
4169,361
4170,356
4171,169
4172,16
4173,501
4174,520
4175,56
4176,1052
4177,119
4178,1053
4179,97
4180,484
4181,1051
4182,1054
4183,113
4184,961
4185,97
4186,604
4187,1055
4188,27
4189,232
4190,404
4191,101
4192,1056
4193,19
4194,27
4195,21
4196,41
4197,1057
4198,631
4199,35
4200,157
4201,114
4202,1058
4203,438
4204,1032
4205,529
4206,6
4207,1059
4208,52
4209,312
4210,318
4211,832
4212,16
4213,103
4214,126
4215,6
4216,7
4217,6
4218,200
4219,88
4220,837
4221,1060
4222,19
4223,156
4224,263
4225,16
4226,41
4227,566
4228,1061
4229,447
4230,230
4231,668
4232,54
4233,308
4234,1062
4235,152
4236,67
4237,225
4238,6
4239,27
4240,265
4241,6
4242,43
4243,16
4244,1063
4245,425
4246,41
4247,335
4248,597
4249,1064
4250,103
4251,1065
4252,6
4253,1066
4254,103
4255,16
4256,6
4257,6
4258,296
4259,1067
4260,501
4261,43
4262,361
4263,1068
4264,16
4265,43
4266,312
4267,315
4268,189
4269,1069
4270,178
4271,605
4272,103
4273,515
4274,6
4275,308
4276,157
4277,157
4278,757
4279,1070
4280,104
4281,27
4282,1071
4283,1072
4284,50
4285,5
4286,43
4287,14
4288,8
4289,12
4290,103
4291,60
4292,27
4293,24
4294,145
4295,708
4296,356
4297,6
4298,1073
4299,41
4300,50
4301,35
4302,45
4303,443
4304,76
4305,45
4306,94
4307,335
4308,978
4309,178
4310,1074
4311,637
4312,6
4313,163
4314,871
4315,73
4316,6
4317,353
4318,265
4319,206
4320,1075
4321,1076
4322,801
4323,6
4324,1077
4325,1078
4326,1079
4327,208
4328,1080
4329,12
4330,125
4331,232
4332,70
4333,1081
4334,1082
4335,189
4336,12
4337,169
4338,107
4339,6
4340,538
4341,480
4342,1083
4343,336
4344,106
4345,104
4346,6
4347,97
4348,940
4349,6
4350,77
4351,563
4352,56
4353,77
4354,845
4355,10
4356,24
4357,24
4358,657
4359,129
4360,181
4361,104
4362,6
4363,434
4364,492
4365,1084
4366,1085
4367,6
4368,6
4369,6
4370,41
4371,361
4372,21
4373,59
4374,103
4375,640
4376,1086
4377,587
4378,968
4379,566
4380,6
4381,6
4382,229
4383,183
4384,422
4385,6
4386,713
4387,631
4388,1087
4389,423
4390,56
4391,19
4392,6
4393,27
4394,206
4395,110
4396,61
4397,272
4398,413
4399,35
4400,162
4401,596
4402,103
4403,27
4404,56
4405,8
4406,6
4407,50
4408,6
4409,1088
4410,24
4411,97
4412,104
4413,474
4414,78
4415,566
4416,35
4417,386
4418,14
4419,35
4420,250
4421,119
4422,485
4423,6
4424,54
4425,78
4426,43
4427,6
4428,76
4429,35
4430,493
4431,6
4432,67
4433,1089
4434,880
4435,165
4436,16
4437,6
4438,19
4439,315
4440,492
4441,121
4442,12
4443,444
4444,964
4445,51
4446,199
4447,1090
4448,83
4449,6
4450,1091
4451,157
4452,6
4453,1092
4454,134
4455,1093
4456,97
4457,1094
4458,480
4459,492
4460,35
4461,716
4462,349
4463,191
4464,331
4465,566
4466,83
4467,1095
4468,14
4469,70
4470,6
4471,785
4472,564
4473,318
4474,1096
4475,1
4476,104
4477,330
4478,975
4479,6
4480,157
4481,8
4482,19
4483,888
4484,1097
4485,333
4486,863
4487,12
4488,20
4489,8
4490,119
4491,16
4492,1098
4493,438
4494,232
4495,39
4496,682
4497,156
4498,6
4499,16
4500,61
4501,27
4502,19
4503,609
4504,819
4505,6
4506,103
4507,20
4508,1099
4509,54
4510,161
4511,566
4512,6
4513,6
4514,61
4515,104
4516,129
4517,1100
4518,6
4519,6
4520,265
4521,44
4522,734
4523,14
4524,434
4525,75
4526,318
4527,336
4528,96
4529,56
4530,78
4531,477
4532,67
4533,353
4534,169
4535,73
4536,757
4537,1101
4538,81
4539,416
4540,238
4541,1102
4542,119
4543,177
4544,60
4545,152
4546,1103
4547,871
4548,103
4549,24
4550,27
4551,453
4552,309
4553,536
4554,152
4555,54
4556,111
4557,214
4558,206
4559,206
4560,134
4561,1023
4562,169
4563,1104
4564,6
4565,649
4566,827
4567,1105
4568,1106
4569,492
4570,35
4571,56
4572,44
4573,258
4574,1107
4575,103
4576,43
4577,56
4578,566
4579,67
4580,1108
4581,6
4582,956
4583,196
4584,480
4585,44
4586,435
4587,1109
4588,232
4589,61
4590,336
4591,400
4592,6
4593,129
4594,837
4595,1110
4596,40
4597,1111
4598,61
4599,538
4600,506
4601,6
4602,16
4603,203
4604,61
4605,864
4606,169
4607,958
4608,230
4609,443
4610,214
4611,269
4612,6
4613,24
4614,395
4615,56
4616,88
4617,6
4618,16
4619,286
4620,127
4621,1112
4622,911
4623,1113
4624,356
4625,30
4626,336
4627,24
4628,361
4629,265
4630,35
4631,104
4632,1114
4633,111
4634,1115
4635,252
4636,16
4637,96
4638,177
4639,1116
4640,1117
4641,880
4642,144
4643,19
4644,243
4645,44
4646,301
4647,296
4648,12
4649,353
4650,61
4651,1118
4652,102
4653,103
4654,1000
4655,496
4656,6
4657,54
4658,6
4659,27
4660,860
4661,646
4662,150
4663,6
4664,64
4665,152
4666,12
4667,188
4668,989
4669,97
4670,16
4671,1119
4672,78
4673,807
4674,553
4675,531
4676,128
4677,129
4678,6
4679,49
4680,5
4681,106
4682,76
4683,350
4684,607
4685,1120
4686,500
4687,6
4688,14
4689,261
4690,6
4691,27
4692,6
4693,318
4694,6
4695,6
4696,25
4697,35
4698,41
4699,35
4700,18
4701,66
4702,181
4703,386
4704,44
4705,745
4706,1121
4707,1122
4708,6
4709,75
4710,94
4711,238
4712,94
4713,318
4714,1123
4715,1124
4716,111
4717,24
4718,156
4719,67
4720,1125
4721,781
4722,1126
4723,104
4724,19
4725,166
4726,227
4727,6
4728,41
4729,123
4730,1127
4731,705
4732,6
4733,41
4734,1128
4735,673
4736,6
4737,24
4738,1129
4739,336
4740,1130
4741,736
4742,24
4743,12
4744,27
4745,24
4746,747
4747,27
4748,887
4749,25
4750,641
4751,768
4752,12
4753,177
4754,1131
4755,626
4756,734
4757,6
4758,6
4759,6
4760,40
4761,265
4762,157
4763,158
4764,1132
4765,386
4766,1133
4767,6
4768,1056
4769,45
4770,177
4771,8
4772,5
4773,6
4774,701
4775,255
4776,606
4777,36
4778,129
4779,6
4780,339
4781,77
4782,768
4783,529
4784,336
4785,361
4786,24
4787,129
4788,6
4789,6
4790,60
4791,62
4792,61
4793,45
4794,480
4795,103
4796,853
4797,289
4798,202
4799,191
4800,24
4801,1134
4802,426
4803,61
4804,486
4805,35
4806,43
4807,1135
4808,908
4809,27
4810,258
4811,231
4812,580
4813,224
4814,12
4815,567
4816,1136
4817,6
4818,1137
4819,125
4820,178
4821,258
4822,308
4823,1138
4824,266
4825,1139
4826,318
4827,6
4828,61
4829,480
4830,178
4831,1140
4832,217
4833,680
4834,14
4835,456
4836,573
4837,818
4838,6
4839,190
4840,845
4841,372
4842,39
4843,764
4844,103
4845,112
4846,1141
4847,1142
4848,6
4849,97
4850,689
4851,230
4852,1143
4853,308
4854,386
4855,965
4856,6
4857,8
4858,64
4859,56
4860,97
4861,687
4862,82
4863,150
4864,197
4865,98
4866,1144
4867,27
4868,131
4869,6
4870,6
4871,6
4872,6
4873,6
4874,817
4875,166
4876,1145
4877,129
4878,157
4879,35
4880,16
4881,176
4882,27
4883,307
4884,14
4885,1
4886,104
4887,6
4888,1146
4889,111
4890,387
4891,1147
4892,1148
4893,16
4894,8
4895,1149
4896,336
4897,710
4898,1150
4899,12
4900,353
4901,1151
4902,1152
4903,45
4904,259
4905,150
4906,27
4907,1153
4908,318
4909,6
4910,104
4911,1154
4912,636
4913,67
4914,591
4915,280
4916,39
4917,6
4918,905
4919,157
4920,764
4921,272
4922,166
4923,869
4924,1155
4925,61
4926,1156
4927,295
4928,41
4929,374
4930,6
4931,178
4932,1157
4933,1158
4934,44
4935,1159
4936,336
4937,104
4938,6
4939,1160
4940,6
4941,56
4942,200
4943,44
4944,157
4945,205
4946,301
4947,6
4948,439
4949,254
4950,338
4951,398
4952,31
4953,529
4954,250
4955,60
4956,61
4957,117
4958,88
4959,1161
4960,12
4961,6
4962,178
4963,480
4964,6
4965,6
4966,104
4967,6
4968,6
4969,24
4970,6
4971,323
4972,909
4973,6
4974,336
4975,274
4976,12
4977,152
4978,1162
4979,27
4980,154
4981,285
4982,1163
4983,12
4984,4
4985,96
4986,16
4987,83
4988,104
4989,152
4990,6
4991,702
4992,247
4993,1109
4994,169
4995,480
4996,1164
4997,6
4998,24
4999,24
5000,637
5001,60
5002,189
5003,527
5004,233
5005,35
5006,984
5007,222
5008,163
5009,122
5010,206
5011,1165
5012,12
5013,6
5014,75
5015,15
5016,1166
5017,301
5018,6
5019,82
5020,1167
5021,129
5022,73
5023,842
5024,605
5025,447
5026,517
5027,6
5028,51
5029,134
5030,43
5031,27
5032,43
5033,228
5034,27
5035,6
5036,1031
5037,1168
5038,6
5039,119
5040,387
5041,35
5042,1169
5043,616
5044,6
5045,876
5046,308
5047,6
5048,434
5049,474
5050,6
5051,102
5052,177
5053,1170
5054,126
5055,6
5056,67
5057,807
5058,1171
5059,723
5060,8
5061,1172
5062,104
5063,25
5064,119
5065,712
5066,12
5067,12
5068,16
5069,12
5070,1173
5071,292
5072,39
5073,6
5074,618
5075,56
5076,6
5077,1174
5078,129
5079,126
5080,438
5081,178
5082,6
5083,39
5084,189
5085,24
5086,95
5087,12
5088,453
5089,637
5090,251
5091,1175
5092,1176
5093,227
5094,16
5095,238
5096,372
5097,122
5098,784
5099,61
5100,143
5101,641
5102,710
5103,181
5104,51
5105,855
5106,27
5107,758
5108,147
5109,486
5110,152
5111,1177
5112,1178
5113,103
5114,6
5115,12
5116,1
5117,325
5118,217
5119,260
5120,50
5121,1179
5122,61
5123,35
5124,16
5125,12
5126,116
5127,73
5128,1180
5129,275
5130,11
5131,8
5132,176
5133,8
5134,129
5135,168
5136,66
5137,6
5138,45
5139,370
5140,83
5141,157
5142,19
5143,456
5144,54
5145,35
5146,1132
5147,6
5148,56
5149,618
5150,152
5151,272
5152,197
5153,44
5154,797
5155,1
5156,67
5157,69
5158,27
5159,1160
5160,191
5161,1181
5162,149
5163,1182
5164,1183
5165,61
5166,27
5167,129
5168,912
5169,6
5170,76
5171,748
5172,739
5173,631
5174,473
5175,492
5176,1184
5177,359
5178,579
5179,1185
5180,132
5181,6
5182,104
5183,6
5184,169
5185,458
5186,275
5187,535
5188,708
5189,251
5190,6
5191,6
5192,27
5193,579
5194,755
5195,1075
5196,154
5197,16
5198,61
5199,1186
5200,537
5201,189
5202,126
5203,6
5204,70
5205,119
5206,1
5207,12
5208,232
5209,16
5210,486
5211,6
5212,637
5213,24
5214,27
5215,631
5216,1187
5217,1188
5218,104
5219,1189
5220,232
5221,112
5222,280
5223,353
5224,6
5225,71
5226,103
5227,228
5228,361
5229,35
5230,1190
5231,1191
5232,14
5233,16
5234,126
5235,1192
5236,111
5237,176
5238,178
5239,1193
5240,985
5241,44
5242,567
5243,196
5244,67
5245,610
5246,35
5247,116
5248,24
5249,28
5250,1039
5251,14
5252,336
5253,361
5254,512
5255,6
5256,893
5257,718
5258,991
5259,16
5260,250
5261,413
5262,6
5263,50
5264,1194
5265,19
5266,122
5267,286
5268,50
5269,6
5270,119
5271,39
5272,6
5273,1195
5274,104
5275,54
5276,19
5277,377
5278,6
5279,663
5280,14
5281,1196
5282,19
5283,206
5284,152
5285,1068
5286,1197
5287,88
5288,6
5289,862
5290,178
5291,1198
5292,24
5293,636
5294,427
5295,43
5296,6
5297,27
5298,1199
5299,61
5300,6
5301,62
5302,169
5303,6
5304,276
5305,564
5306,364
5307,6
5308,339
5309,14
5310,143
5311,24
5312,1200
5313,6
5314,374
5315,336
5316,6
5317,103
5318,1201
5319,6
5320,626
5321,315
5322,199
5323,732
5324,72
5325,480
5326,14
5327,50
5328,1202
5329,757
5330,20
5331,6
5332,27
5333,39
5334,855
5335,24
5336,199
5337,437
5338,177
5339,152
5340,251
5341,6
5342,1203
5343,519
5344,6
5345,103
5346,205
5347,178
5348,6
5349,104
5350,505
5351,157
5352,232
5353,50
5354,215
5355,27
5356,20
5357,430
5358,60
5359,152
5360,325
5361,166
5362,41
5363,24
5364,6
5365,27
5366,179
5367,813
5368,759
5369,43
5370,105
5371,191
5372,113
5373,6
5374,1042
5375,729
5376,345
5377,206
5378,258
5379,16
5380,70
5381,520
5382,6
5383,6
5384,1165
5385,14
5386,1147
5387,1160
5388,104
5389,276
5390,104
5391,801
5392,8
5393,40
5394,6
5395,281
5396,164
5397,180
5398,83
5399,1204
5400,152
5401,6
5402,871
5403,247
5404,1205
5405,75
5406,868
5407,6
5408,6
5409,651
5410,178
5411,90
5412,61
5413,103
5414,24
5415,8
5416,177
5417,1019
5418,45
5419,1206
5420,426
5421,318
5422,12
5423,8
5424,6
5425,104
5426,152
5427,6
5428,438
5429,106
5430,16
5431,442
5432,318
5433,6
5434,766
5435,12
5436,231
5437,16
5438,462
5439,177
5440,230
5441,119
5442,336
5443,70
5444,566
5445,103
5446,386
5447,169
5448,73
5449,6
5450,51
5451,19
5452,119
5453,1207
5454,1208
5455,157
5456,1035
5457,97
5458,1209
5459,6
5460,410
5461,55
5462,35
5463,97
5464,73
5465,476
5466,6
5467,83
5468,6
5469,480
5470,199
5471,45
5472,6
5473,167
5474,199
5475,152
5476,104
5477,27
5478,27
5479,372
5480,276
5481,6
5482,361
5483,290
5484,6
5485,14
5486,600
5487,166
5488,438
5489,169
5490,6
5491,1106
5492,642
5493,27
5494,424
5495,230
5496,492
5497,492
5498,1175
5499,424
5500,748
5501,641
5502,353
5503,6
5504,1210
5505,12
5506,356
5507,695
5508,315
5509,1071
5510,45
5511,169
5512,104
5513,35
5514,44
5515,626
5516,1211
5517,6
5518,657
5519,1193
5520,129
5521,335
5522,119
5523,129
5524,44
5525,14
5526,12
5527,1212
5528,73
5529,8
5530,12
5531,131
5532,1213
5533,6
5534,123
5535,1214
5536,6
5537,1215
5538,1216
5539,1025
5540,1217
5541,70
5542,886
5543,119
5544,420
5545,6
5546,1
5547,203
5548,88
5549,247
5550,248
5551,1218
5552,458
5553,1002
5554,61
5555,152
5556,8
5557,1219
5558,649
5559,503
5560,54
5561,6
5562,206
5563,179
5564,470
5565,14
5566,44
5567,104
5568,196
5569,25
5570,16
5571,6
5572,1204
5573,509
5574,1220
5575,27
5576,6
5577,122
5578,374
5579,340
5580,247
5581,6
5582,1221
5583,1222
5584,6
5585,626
5586,1
5587,152
5588,318
5589,732
5590,325
5591,14
5592,6
5593,6
5594,16
5595,56
5596,886
5597,97
5598,200
5599,1223
5600,631
5601,178
5602,975
5603,908
5604,738
5605,104
5606,75
5607,55
5608,911
5609,6
5610,116
5611,12
5612,433
5613,265
5614,56
5615,501
5616,54
5617,6
5618,178
5619,50
5620,1224
5621,27
5622,14
5623,24
5624,169
5625,308
5626,6
5627,61
5628,830
5629,6
5630,900
5631,6
5632,6
5633,318
5634,827
5635,6
5636,705
5637,1225
5638,6
5639,590
5640,330
5641,104
5642,505
5643,228
5644,456
5645,447
5646,6
5647,368
5648,27
5649,119
5650,199
5651,140
5652,6
5653,4
5654,157
5655,104
5656,16
5657,215
5658,166
5659,1226
5660,39
5661,284
5662,6
5663,260
5664,430
5665,356
5666,822
5667,1215
5668,6
5669,509
5670,5
5671,1227
5672,72
5673,103
5674,14
5675,187
5676,6
5677,178
5678,21
5679,203
5680,178
5681,189
5682,129
5683,175
5684,386
5685,490
5686,952
5687,683
5688,6
5689,1151
5690,61
5691,67
5692,1228
5693,736
5694,1229
5695,362
5696,16
5697,1230
5698,618
5699,82
5700,937
5701,1045
5702,76
5703,1231
5704,31
5705,1184
5706,1041
5707,44
5708,461
5709,736
5710,6
5711,152
5712,348
5713,1015
5714,589
5715,6
5716,509
5717,35
5718,1147
5719,203
5720,1070
5721,673
5722,6
5723,199
5724,318
5725,1232
5726,181
5727,103
5728,76
5729,364
5730,61
5731,54
5732,24
5733,66
5734,1072
5735,353
5736,6
5737,827
5738,155
5739,6
5740,206
5741,830
5742,138
5743,1233
5744,1234
5745,24
5746,978
5747,1235
5748,308
5749,129
5750,6
5751,6
5752,16
5753,1072
5754,504
5755,823
5756,1236
5757,1237
5758,206
5759,517
5760,6
5761,226
5762,111
5763,1238
5764,12
5765,6
5766,233
5767,83
5768,337
5769,1239
5770,783
5771,144
5772,634
5773,126
5774,116
5775,958
5776,274
5777,913
5778,535
5779,922
5780,1240
5781,70
5782,177
5783,19
5784,16
5785,199
5786,6
5787,642
5788,61
5789,6
5790,76
5791,937
5792,657
5793,303
5794,199
5795,6
5796,670
5797,76
5798,386
5799,807
5800,107
5801,231
5802,361
5803,889
5804,1142
5805,156
5806,196
5807,504
5808,24
5809,199
5810,197
5811,759
5812,368
5813,50
5814,6
5815,531
5816,6
5817,1241
5818,1242
5819,977
5820,247
5821,6
5822,481
5823,1243
5824,155
5825,633
5826,152
5827,318
5828,251
5829,12
5830,109
5831,189
5832,1005
5833,12
5834,86
5835,244
5836,24
5837,169
5838,90
5839,258
5840,339
5841,604
5842,61
5843,269
5844,1244
5845,56
5846,494
5847,1245
5848,871
5849,332
5850,20
5851,6
5852,12
5853,16
5854,6
5855,1246
5856,1247
5857,719
5858,12
5859,54
5860,145
5861,178
5862,281
5863,1248
5864,111
5865,12
5866,231
5867,281
5868,16
5869,1249
5870,495
5871,535
5872,342
5873,480
5874,1250
5875,683
5876,978
5877,301
5878,44
5879,119
5880,14
5881,60
5882,41
5883,480
5884,104
5885,103
5886,110
5887,579
5888,152
5889,8
5890,6
5891,1251
5892,19
5893,978
5894,1039
5895,6
5896,241
5897,654
5898,355
5899,39
5900,88
5901,494
5902,472
5903,110
5904,6
5905,6
5906,251
5907,78
5908,900
5909,6
5910,6
5911,77
5912,248
5913,1252
5914,103
5915,1253
5916,743
5917,6
5918,104
5919,1254
5920,6
5921,520
5922,16
5923,626
5924,718
5925,43
5926,45
5927,692
5928,269
5929,607
5930,922
5931,91
5932,1255
5933,913
5934,61
5935,6
5936,6
5937,1091
5938,41
5939,232
5940,413
5941,6
5942,145
5943,94
5944,626
5945,27
5946,1251
5947,107
5948,39
5949,426
5950,1256
5951,55
5952,157
5953,24
5954,56
5955,16
5956,35
5957,152
5958,1257
5959,6
5960,35
5961,97
5962,349
5963,116
5964,12
5965,626
5966,24
5967,199
5968,1258
5969,1259
5970,119
5971,390
5972,54
5973,6
5974,250
5975,1260
5976,1261
5977,27
5978,1262
5979,308
5980,129
5981,20
5982,86
5983,1263
5984,114
5985,186
5986,27
5987,6
5988,382
5989,104
5990,169
5991,6
5992,21
5993,1264
5994,54
5995,178
5996,1265
5997,80
5998,1070
5999,94
6000,426
6001,1266
6002,24
6003,157
6004,231
6005,818
6006,718
6007,184
6008,24
6009,832
6010,199
6011,16
6012,536
6013,489
6014,427
6015,477
6016,197
6017,152
6018,1267
6019,6
6020,27
6021,680
6022,19
6023,1249
6024,708
6025,377
6026,54
6027,542
6028,104
6029,44
6030,57
6031,24
6032,56
6033,60
6034,113
6035,755
6036,35
6037,113
6038,24
6039,57
6040,119
6041,129
6042,126
6043,1268
6044,16
6045,480
6046,1269
6047,44
6048,6
6049,295
6050,6
6051,88
6052,52
6053,1270
6054,1271
6055,41
6056,837
6057,265
6058,743
6059,104
6060,179
6061,184
6062,193
6063,528
6064,73
6065,67
6066,1272
6067,1273
6068,104
6069,56
6070,1109
6071,45
6072,301
6073,61
6074,188
6075,41
6076,1274
6077,41
6078,6
6079,103
6080,6
6081,1275
6082,1055
6083,6
6084,179
6085,1276
6086,289
6087,199
6088,88
6089,257
6090,456
6091,1277
6092,94
6093,16
6094,1278
6095,70
6096,44
6097,680
6098,440
6099,6
6100,104
6101,1279
6102,94
6103,181
6104,6
6105,1214
6106,56
6107,228
6108,1023
6109,6
6110,413
6111,567
6112,1280
6113,56
6114,27
6115,39
6116,1281
6117,103
6118,532
6119,6
6120,318
6121,353
6122,59
6123,1282
6124,1283
6125,60
6126,76
6127,1284
6128,1265
6129,6
6130,6
6131,665
6132,1285
6133,467
6134,6
6135,157
6136,1286
6137,410
6138,56
6139,19
6140,1287
6141,435
6142,1288
6143,6
6144,615
6145,596
6146,386
6147,1289
6148,27
6149,6
6150,687
6151,129
6152,1290
6153,719
6154,4
6155,68
6156,318
6157,44
6158,61
6159,303
6160,6
6161,770
6162,558
6163,16
6164,122
6165,1191
6166,6
6167,157
6168,372
6169,52
6170,490
6171,1291
6172,16
6173,177
6174,558
6175,16
6176,1292
6177,61
6178,470
6179,1293
6180,50
6181,104
6182,215
6183,6
6184,447
6185,387
6186,162
6187,72
6188,39
6189,261
6190,292
6191,87
6192,1294
6193,1295
6194,27
6195,6
6196,772
6197,265
6198,473
6199,566
6200,1258
6201,1296
6202,286
6203,318
6204,35
6205,305
6206,335
6207,157
6208,6
6209,619
6210,520
6211,871
6212,1297
6213,145
6214,44
6215,24
6216,455
6217,44
6218,461
6219,6
6220,6
6221,180
6222,82
6223,162
6224,110
6225,440
6226,129
6227,265
6228,1298
6229,473
6230,41
6231,997
6232,455
6233,1147
6234,1016
6235,166
6236,318
6237,238
6238,27
6239,66
6240,60
6241,657
6242,480
6243,6
6244,169
6245,1262
6246,6
6247,169
6248,427
6249,567
6250,103
6251,6
6252,157
6253,6
6254,699
6255,76
6256,126
6257,39
6258,425
6259,8
6260,119
6261,56
6262,197
6263,244
6264,97
6265,12
6266,24
6267,16
6268,166
6269,6
6270,16
6271,229
6272,142
6273,39
6274,175
6275,122
6276,865
6277,398
6278,7
6279,6
6280,296
6281,1299
6282,480
6283,129
6284,24
6285,1300
6286,6
6287,161
6288,6
6289,291
6290,765
6291,24
6292,188
6293,6
6294,6
6295,391
6296,1098
6297,6
6298,519
6299,6
6300,959
6301,104
6302,1301
6303,6
6304,119
6305,1302
6306,61
6307,6
6308,6
6309,6
6310,119
6311,1303
6312,1304
6313,6
6314,24
6315,27
6316,290
6317,447
6318,12
6319,698
6320,602
6321,1278
6322,134
6323,645
6324,386
6325,769
6326,631
6327,94
6328,191
6329,1035
6330,1305
6331,909
6332,106
6333,1306
6334,984
6335,6
6336,265
6337,16
6338,966
6339,104
6340,101
6341,1307
6342,567
6343,309
6344,361
6345,35
6346,1
6347,169
6348,694
6349,103
6350,44
6351,61
6352,808
6353,633
6354,1308
6355,144
6356,44
6357,178
6358,12
6359,101
6360,615
6361,869
6362,82
6363,1166
6364,1309
6365,76
6366,447
6367,133
6368,125
6369,235
6370,44
6371,335
6372,1310
6373,709
6374,202
6375,1311
6376,1312
6377,336
6378,6
6379,166
6380,308
6381,1313
6382,1030
6383,227
6384,1314
6385,6
6386,16
6387,1315
6388,457
6389,336
6390,19
6391,44
6392,119
6393,119
6394,177
6395,8
6396,54
6397,6
6398,103
6399,353
6400,27
6401,27
6402,1316
6403,252
6404,35
6405,1317
6406,197
6407,6
6408,316
6409,6
6410,6
6411,6
6412,24
6413,6
6414,157
6415,4
6416,1318
6417,476
6418,245
6419,4
6420,178
6421,961
6422,1319
6423,715
6424,91
6425,1320
6426,104
6427,1012
6428,561
6429,658
6430,1321
6431,119
6432,54
6433,1322
6434,398
6435,435
6436,191
6437,6
6438,104
6439,231
6440,642
6441,719
6442,231
6443,1261
6444,650
6445,270
6446,592
6447,1153
6448,308
6449,247
6450,1323
6451,6
6452,14
6453,6
6454,1324
6455,150
6456,409
6457,97
6458,1256
6459,129
6460,45
6461,531
6462,206
6463,6
6464,553
6465,368
6466,217
6467,6
6468,56
6469,27
6470,269
6471,492
6472,406
6473,91
6474,181
6475,1214
6476,697
6477,386
6478,395
6479,545
6480,44
6481,102
6482,6
6483,318
6484,269
6485,596
6486,1325
6487,1323
6488,54
6489,114
6490,16
6491,129
6492,308
6493,129
6494,44
6495,6
6496,24
6497,1123
6498,475
6499,1155
6500,105
6501,54
6502,6
6503,580
6504,20
6505,131
6506,645
6507,75
6508,1083
6509,157
6510,416
6511,14
6512,8
6513,6
6514,6
6515,6
6516,231
6517,169
6518,506
6519,1131
6520,1326
6521,44
6522,356
6523,16
6524,91
6525,178
6526,6
6527,299
6528,368
6529,19
6530,39
6531,1327
6532,739
6533,506
6534,50
6535,67
6536,1328
6537,60
6538,400
6539,361
6540,6
6541,133
6542,361
6543,6
6544,801
6545,318
6546,101
6547,1329
6548,390
6549,390
6550,1330
6551,356
6552,6
6553,133
6554,184
6555,113
6556,361
6557,1092
6558,39
6559,353
6560,162
6561,6
6562,152
6563,104
6564,6
6565,484
6566,358
6567,6
6568,361
6569,56
6570,658
6571,631
6572,244
6573,1328
6574,6
6575,591
6576,1331
6577,615
6578,6
6579,52
6580,581
6581,337
6582,16
6583,6
6584,6
6585,50
6586,6
6587,1332
6588,8
6589,6
6590,179
6591,937
6592,6
6593,6
6594,386
6595,1333
6596,6
6597,521
6598,6
6599,24
6600,1334
6601,60
6602,386
6603,97
6604,27
6605,346
6606,6
6607,6
6608,599
6609,6
6610,126
6611,5
6612,382
6613,27
6614,56
6615,1335
6616,1336
6617,426
6618,6
6619,39
6620,35
6621,6
6622,41
6623,152
6624,8
6625,6
6626,95
6627,336
6628,88
6629,377
6630,480
6631,67
6632,336
6633,1337
6634,6
6635,356
6636,12
6637,618
6638,119
6639,390
6640,177
6641,27
6642,1283
6643,41
6644,14
6645,424
6646,44
6647,16
6648,492
6649,61
6650,472
6651,424
6652,177
6653,1338
6654,69
6655,1098
6656,73
6657,16
6658,104
6659,232
6660,886
6661,191
6662,6
6663,24
6664,1
6665,157
6666,25
6667,6
6668,1339
6669,1340
6670,1341
6671,119
6672,419
6673,16
6674,358
6675,6
6676,330
6677,301
6678,386
6679,1342
6680,6
6681,232
6682,309
6683,480
6684,119
6685,44
6686,387
6687,336
6688,41
6689,1343
6690,43
6691,61
6692,6
6693,24
6694,318
6695,12
6696,41
6697,205
6698,708
6699,361
6700,104
6701,1344
6702,19
6703,1345
6704,1346
6705,61
6706,250
6707,371
6708,6
6709,505
6710,1035
6711,884
6712,854
6713,76
6714,181
6715,119
6716,501
6717,199
6718,91
6719,348
6720,45
6721,104
6722,140
6723,116
6724,6
6725,210
6726,135
6727,1347
6728,1149
6729,1348
6730,1057
6731,1349
6732,6
6733,1350
6734,157
6735,35
6736,6
6737,203
6738,16
6739,157
6740,16
6741,54
6742,290
6743,109
6744,34
6745,104
6746,247
6747,1351
6748,1352
6749,387
6750,1353
6751,61
6752,205
6753,157
6754,111
6755,6
6756,1354
6757,361
6758,27
6759,200
6760,16
6761,1355
6762,67
6763,6
6764,252
6765,336
6766,16
6767,116
6768,54
6769,538
6770,104
6771,1057
6772,573
6773,172
6774,978
6775,386
6776,159
6777,301
6778,147
6779,6
6780,61
6781,61
6782,41
6783,151
6784,24
6785,12
6786,1356
6787,480
6788,232
6789,1357
6790,45
6791,199
6792,1358
6793,104
6794,683
6795,103
6796,1214
6797,35
6798,339
6799,66
6800,1359
6801,6
6802,1360
6803,44
6804,756
6805,905
6806,162
6807,66
6808,232
6809,117
6810,618
6811,258
6812,6
6813,447
6814,6
6815,1361
6816,503
6817,403
6818,6
6819,6
6820,37
6821,44
6822,14
6823,25
6824,483
6825,104
6826,637
6827,24
6828,573
6829,346
6830,6
6831,24
6832,12
6833,1132
6834,136
6835,431
6836,51
6837,27
6838,25
6839,1108
6840,10
6841,104
6842,747
6843,489
6844,61
6845,35
6846,408
6847,421
6848,1362
6849,660
6850,6
6851,119
6852,157
6853,59
6854,69
6855,6
6856,6
6857,77
6858,21
6859,313
6860,103
6861,358
6862,643
6863,258
6864,509
6865,19
6866,6
6867,19
6868,134
6869,1363
6870,1016
6871,633
6872,6
6873,97
6874,1213
6875,1364
6876,90
6877,1249
6878,12
6879,43
6880,162
6881,6
6882,6
6883,6
6884,272
6885,1365
6886,72
6887,6
6888,119
6889,6
6890,157
6891,391
6892,166
6893,368
6894,43
6895,607
6896,44
6897,426
6898,700
6899,348
6900,1057
6901,24
6902,44
6903,422
6904,6
6905,157
6906,492
6907,301
6908,1366
6909,119
6910,353
6911,1367
6912,225
6913,6
6914,1368
6915,1369
6916,6
6917,291
6918,506
6919,6
6920,751
6921,6
6922,88
6923,434
6924,904
6925,6
6926,447
6927,869
6928,184
6929,39
6930,1370
6931,657
6932,232
6933,8
6934,1371
6935,1372
6936,205
6937,19
6938,1009
6939,24
6940,27
6941,104
6942,1373
6943,24
6944,150
6945,433
6946,54
6947,209
6948,319
6949,431
6950,12
6951,10
6952,197
6953,6
6954,154
6955,6
6956,103
6957,421
6958,1106
6959,581
6960,1110
6961,356
6962,498
6963,241
6964,589
6965,346
6966,258
6967,361
6968,6
6969,6
6970,103
6971,8
6972,8
6973,353
6974,1106
6975,276
6976,295
6977,1034
6978,755
6979,286
6980,12
6981,21
6982,205
6983,35
6984,247
6985,1374
6986,332
6987,16
6988,1208
6989,1038
6990,339
6991,649
6992,232
6993,56
6994,424
6995,69
6996,6
6997,1147
6998,6
6999,6
7000,202
7001,1375
7002,50
7003,336
7004,150
7005,6
7006,818
7007,1092
7008,144
7009,1376
7010,150
7011,247
7012,258
7013,61
7014,1377
7015,634
7016,236
7017,409
7018,783
7019,258
7020,1378
7021,1265
7022,483
7023,227
7024,251
7025,384
7026,387
7027,6
7028,112
7029,6
7030,924
7031,12
7032,6
7033,349
7034,386
7035,6
7036,1379
7037,80
7038,6
7039,102
7040,56
7041,156
7042,719
7043,701
7044,82
7045,27
7046,70
7047,12
7048,682
7049,331
7050,24
7051,875
7052,496
7053,503
7054,189
7055,1124
7056,342
7057,130
7058,156
7059,97
7060,27
7061,6
7062,6
7063,361
7064,1318
7065,6
7066,27
7067,1380
7068,12
7069,41
7070,1066
7071,506
7072,6
7073,1381
7074,27
7075,19
7076,248
7077,456
7078,1382
7079,152
7080,232
7081,104
7082,1383
7083,851
7084,1384
7085,634
7086,178
7087,39
7088,1110
7089,6
7090,6
7091,56
7092,1385
7093,19
7094,1386
7095,212
7096,155
7097,1035
7098,626
7099,152
7100,35
7101,162
7102,1387
7103,44
7104,35
7105,31
7106,400
7107,61
7108,8
7109,269
7110,336
7111,169
7112,219
7113,463
7114,103
7115,1388
7116,1389
7117,1390
7118,6
7119,56
7120,1391
7121,61
7122,6
7123,69
7124,104
7125,35
7126,482
7127,112
7128,937
7129,1392
7130,6
7131,642
7132,104
7133,547
7134,619
7135,1011
7136,16
7137,107
7138,16
7139,82
7140,8
7141,602
7142,318
7143,280
7144,28
7145,447
7146,538
7147,286
7148,80
7149,39
7150,16
7151,6
7152,335
7153,152
7154,8
7155,1393
7156,117
7157,24
7158,178
7159,6
7160,462
7161,1108
7162,27
7163,197
7164,103
7165,535
7166,455
7167,1394
7168,700
7169,231
7170,945
7171,1395
7172,199
7173,387
7174,199
7175,27
7176,6
7177,1038
7178,178
7179,318
7180,296
7181,389
7182,12
7183,16
7184,225
7185,350
7186,361
7187,1396
7188,1397
7189,624
7190,12
7191,6
7192,1398
7193,97
7194,1147
7195,97
7196,24
7197,535
7198,1021
7199,78
7200,6
7201,19
7202,1262
7203,113
7204,1261
7205,619
7206,119
7207,307
7208,1399
7209,625
7210,228
7211,219
7212,1181
7213,455
7214,309
7215,1040
7216,977
7217,923
7218,14
7219,1382
7220,6
7221,356
7222,6
7223,597
7224,386
7225,174
7226,6
7227,44
7228,1400
7229,169
7230,157
7231,64
7232,1401
7233,16
7234,633
7235,435
7236,738
7237,978
7238,225
7239,368
7240,1402
7241,672
7242,687
7243,447
7244,16
7245,958
7246,1403
7247,6
7248,1243
7249,6
7250,107
7251,19
7252,6
7253,19
7254,56
7255,104
7256,177
7257,1295
7258,434
7259,69
7260,44
7261,97
7262,260
7263,189
7264,1341
7265,6
7266,104
7267,800
7268,1131
7269,646
7270,480
7271,178
7272,169
7273,293
7274,122
7275,1404
7276,6
7277,157
7278,58
7279,1405
7280,886
7281,1066
7282,104
7283,27
7284,143
7285,503
7286,813
7287,101
7288,67
7289,1406
7290,6
7291,461
7292,939
7293,718
7294,387
7295,163
7296,16
7297,6
7298,16
7299,83
7300,45
7301,6
7302,871
7303,207
7304,339
7305,1407
7306,134
7307,1408
7308,766
7309,35
7310,50
7311,424
7312,6
7313,6
7314,12
7315,626
7316,6
7317,59
7318,189
7319,1409
7320,1005
7321,228
7322,255
7323,1410
7324,358
7325,12
7326,8
7327,454
7328,27
7329,229
7330,5
7331,629
7332,1411
7333,708
7334,421
7335,455
7336,1
7337,35
7338,353
7339,177
7340,24
7341,978
7342,8
7343,318
7344,166
7345,1022
7346,35
7347,8
7348,264
7349,472
7350,6
7351,50
7352,19
7353,178
7354,353
7355,345
7356,149
7357,356
7358,6
7359,189
7360,1067
7361,519
7362,1002
7363,1412
7364,6
7365,1215
7366,129
7367,205
7368,757
7369,1011
7370,447
7371,6
7372,626
7373,1413
7374,6
7375,319
7376,161
7377,397
7378,1057
7379,35
7380,1414
7381,152
7382,1351
7383,8
7384,399
7385,197
7386,27
7387,6
7388,44
7389,6
7390,144
7391,24
7392,6
7393,1415
7394,219
7395,56
7396,386
7397,87
7398,16
7399,1416
7400,12
7401,12
7402,107
7403,97
7404,146
7405,1417
7406,1008
7407,592
7408,6
7409,6
7410,231
7411,28
7412,122
7413,27
7414,323
7415,6
7416,1418
7417,35
7418,1419
7419,560
7420,339
7421,804
7422,19
7423,581
7424,6
7425,6
7426,241
7427,353
7428,1420
7429,6
7430,6
7431,162
7432,6
7433,1122
7434,6
7435,494
7436,1116
7437,189
7438,151
7439,35
7440,655
7441,76
7442,14
7443,697
7444,319
7445,363
7446,588
7447,1421
7448,1173
7449,871
7450,1422
7451,24
7452,785
7453,96
7454,247
7455,301
7456,61
7457,52
7458,144
7459,16
7460,104
7461,156
7462,6
7463,1056
7464,126
7465,20
7466,116
7467,16
7468,709
7469,461
7470,27
7471,308
7472,308
7473,178
7474,1338
7475,1423
7476,425
7477,103
7478,16
7479,1424
7480,318
7481,489
7482,56
7483,16
7484,12
7485,1425
7486,1151
7487,157
7488,152
7489,1426
7490,129
7491,409
7492,61
7493,353
7494,17
7495,35
7496,51
7497,1038
7498,6
7499,1427
7500,1194
7501,1428
7502,61
7503,336
7504,50
7505,6
7506,480
7507,1429
7508,51
7509,1307
7510,111
7511,1005
7512,122
7513,6
7514,166
7515,16
7516,689
7517,250
7518,63
7519,129
7520,16
7521,35
7522,135
7523,199
7524,6
7525,6
7526,709
7527,391
7528,455
7529,943
7530,718
7531,12
7532,410
7533,1430
7534,6
7535,19
7536,39
7537,8
7538,386
7539,115
7540,1003
7541,4
7542,1431
7543,27
7544,52
7545,179
7546,303
7547,1192
7548,119
7549,6
7550,477
7551,35
7552,231
7553,126
7554,122
7555,129
7556,501
7557,479
7558,6
7559,202
7560,605
7561,78
7562,56
7563,28
7564,6
7565,1147
7566,937
7567,6
7568,191
7569,282
7570,14
7571,12
7572,12
7573,1432
7574,6
7575,178
7576,718
7577,386
7578,6
7579,24
7580,69
7581,97
7582,39
7583,61
7584,1106
7585,178
7586,199
7587,197
7588,496
7589,397
7590,67
7591,1091
7592,1406
7593,1433
7594,6
7595,50
7596,1434
7597,25
7598,447
7599,570
7600,426
7601,16
7602,783
7603,4
7604,104
7605,426
7606,325
7607,1435
7608,8
7609,54
7610,6
7611,748
7612,179
7613,97
7614,24
7615,1378
7616,1051
7617,1057
7618,1436
7619,431
7620,14
7621,4
7622,197
7623,16
7624,6
7625,166
7626,254
7627,326
7628,701
7629,514
7630,641
7631,709
7632,8
7633,157
7634,1056
7635,1026
7636,308
7637,1437
7638,626
7639,772
7640,6
7641,6
7642,97
7643,345
7644,325
7645,6
7646,145
7647,108
7648,54
7649,205
7650,41
7651,19
7652,66
7653,1438
7654,190
7655,44
7656,263
7657,129
7658,157
7659,346
7660,163
7661,6
7662,6
7663,1227
7664,427
7665,1439
7666,122
7667,318
7668,824
7669,19
7670,248
7671,335
7672,386
7673,1440
7674,122
7675,35
7676,336
7677,286
7678,1312
7679,336
7680,76
7681,24
7682,39
7683,6
7684,1441
7685,370
7686,356
7687,129
7688,788
7689,1273
7690,413
7691,756
7692,981
7693,722
7694,992
7695,880
7696,581
7697,67
7698,110
7699,75
7700,1442
7701,490
7702,35
7703,389
7704,97
7705,641
7706,1023
7707,12
7708,290
7709,6
7710,27
7711,27
7712,6
7713,318
7714,104
7715,1203
7716,492
7717,119
7718,6
7719,1039
7720,14
7721,156
7722,1193
7723,339
7724,325
7725,1443
7726,637
7727,1444
7728,14
7729,157
7730,6
7731,43
7732,823
7733,1445
7734,8
7735,904
7736,442
7737,61
7738,104
7739,1446
7740,56
7741,1003
7742,6
7743,123
7744,16
7745,275
7746,18
7747,27
7748,1083
7749,6
7750,301
7751,41
7752,177
7753,532
7754,519
7755,178
7756,309
7757,1447
7758,148
7759,179
7760,39
7761,968
7762,61
7763,511
7764,318
7765,27
7766,24
7767,1204
7768,1122
7769,16
7770,35
7771,1106
7772,61
7773,24
7774,231
7775,227
7776,1420
7777,1448
7778,145
7779,1142
7780,1012
7781,35
7782,855
7783,1396
7784,6
7785,59
7786,511
7787,10
7788,152
7789,372
7790,410
7791,104
7792,1346
7793,145
7794,265
7795,12
7796,434
7797,6
7798,308
7799,157
7800,24
7801,338
7802,50
7803,1265
7804,119
7805,1336
7806,754
7807,152
7808,43
7809,6
7810,41
7811,61
7812,978
7813,201
7814,104
7815,1449
7816,168
7817,1450
7818,1320
7819,1451
7820,16
7821,6
7822,873
7823,24
7824,6
7825,356
7826,736
7827,6
7828,161
7829,228
7830,6
7831,978
7832,1038
7833,104
7834,301
7835,1358
7836,1452
7837,246
7838,306
7839,1453
7840,162
7841,6
7842,1454
7843,618
7844,911
7845,6
7846,393
7847,715
7848,862
7849,35
7850,6
7851,97
7852,16
7853,163
7854,1455
7855,6
7856,947
7857,129
7858,911
7859,6
7860,623
7861,6
7862,81
7863,56
7864,1456
7865,1297
7866,438
7867,505
7868,675
7869,807
7870,24
7871,1058
7872,83
7873,67
7874,438
7875,169
7876,626
7877,1457
7878,642
7879,107
7880,758
7881,44
7882,19
7883,103
7884,145
7885,6
7886,6
7887,213
7888,191
7889,708
7890,631
7891,16
7892,509
7893,368
7894,6
7895,1026
7896,472
7897,16
7898,231
7899,425
7900,27
7901,631
7902,605
7903,18
7904,566
7905,169
7906,103
7907,1458
7908,6
7909,426
7910,374
7911,1459
7912,6
7913,492
7914,180
7915,566
7916,24
7917,324
7918,231
7919,1460
7920,532
7921,832
7922,6
7923,1461
7924,73
7925,558
7926,194
7927,119
7928,6
7929,1462
7930,336
7931,1267
7932,1069
7933,157
7934,205
7935,431
7936,802
7937,16
7938,319
7939,67
7940,387
7941,97
7942,69
7943,28
7944,289
7945,860
7946,6
7947,6
7948,1463
7949,1332
7950,163
7951,44
7952,24
7953,70
7954,1464
7955,1447
7956,708
7957,573
7958,424
7959,152
7960,625
7961,39
7962,573
7963,1465
7964,64
7965,6
7966,349
7967,113
7968,35
7969,104
7970,978
7971,199
7972,24
7973,6
7974,868
7975,1466
7976,1023
7977,12
7978,6
7979,318
7980,1467
7981,771
7982,566
7983,25
7984,122
7985,43
7986,6
7987,181
7988,1468
7989,1465
7990,397
7991,880
7992,12
7993,181
7994,25
7995,119
7996,783
7997,1056
7998,248
7999,43
8000,205
8001,1265
8002,229
8003,361
8004,1027
8005,54
8006,438
8007,410
8008,297
8009,157
8010,169
8011,1048
8012,134
8013,179
8014,44
8015,410
8016,1309
8017,14
8018,144
8019,6
8020,24
8021,6
8022,16
8023,6
8024,41
8025,1469
8026,6
8027,386
8028,54
8029,73
8030,1163
8031,744
8032,145
8033,104
8034,6
8035,14
8036,169
8037,129
8038,12
8039,842
8040,387
8041,1293
8042,708
8043,650
8044,6
8045,154
8046,45
8047,1010
8048,1153
8049,41
8050,201
8051,325
8052,1470
8053,6
8054,217
8055,104
8056,6
8057,6
8058,1471
8059,169
8060,104
8061,70
8062,6
8063,181
8064,103
8065,178
8066,1265
8067,740
8068,6
8069,191
8070,97
8071,8
8072,6
8073,1289
8074,387
8075,657
8076,1096
8077,1070
8078,247
8079,197
8080,154
8081,6
8082,6
8083,1056
8084,269
8085,6
8086,988
8087,6
8088,169
8089,629
8090,25
8091,1252
8092,1472
8093,41
8094,6
8095,144
8096,289
8097,6
8098,341
8099,189
8100,1343
8101,312
8102,35
8103,1405
8104,713
8105,250
8106,697
8107,119
8108,44
8109,438
8110,157
8111,6
8112,179
8113,409
8114,12
8115,61
8116,6
8117,6
8118,41
8119,104
8120,199
8121,1473
8122,157
8123,1474
8124,189
8125,289
8126,127
8127,24
8128,6
8129,564
8130,171
8131,50
8132,972
8133,619
8134,117
8135,738
8136,1108
8137,1173
8138,1194
8139,119
8140,1475
8141,410
8142,16
8143,517
8144,61
8145,45
8146,6
8147,6
8148,474
8149,12
8150,6
8151,1476
8152,111
8153,77
8154,176
8155,6
8156,16
8157,24
8158,44
8159,756
8160,44
8161,1477
8162,181
8163,588
8164,537
8165,368
8166,335
8167,16
8168,161
8169,727
8170,308
8171,75
8172,39
8173,192
8174,708
8175,44
8176,649
8177,105
8178,62
8179,6
8180,24
8181,12
8182,35
8183,75
8184,455
8185,50
8186,563
8187,178
8188,43
8189,199
8190,675
8191,978
8192,50
8193,6
8194,6
8195,6
8196,1478
8197,152
8198,286
8199,937
8200,1056
8201,6
8202,27
8203,309
8204,743
8205,785
8206,449
8207,434
8208,6
8209,6
8210,50
8211,169
8212,6
8213,96
8214,1479
8215,14
8216,1480
8217,231
8218,56
8219,301
8220,700
8221,128
8222,477
8223,353
8224,1402
8225,12
8226,315
8227,292
8228,148
8229,178
8230,66
8231,1195
8232,6
8233,157
8234,260
8235,6
8236,24
8237,949
8238,339
8239,335
8240,361
8241,538
8242,14
8243,103
8244,6
8245,1481
8246,27
8247,645
8248,1253
8249,24
8250,6
8251,6
8252,1482
8253,6
8254,783
8255,318
8256,24
8257,104
8258,1166
8259,431
8260,179
8261,206
8262,151
8263,35
8264,939
8265,295
8266,1483
8267,206
8268,14
8269,1484
8270,641
8271,21
8272,6
8273,567
8274,369
8275,1485
8276,24
8277,104
8278,6
8279,8
8280,14
8281,860
8282,6
8283,386
8284,22
8285,193
8286,148
8287,1486
8288,67
8289,303
8290,269
8291,120
8292,6
8293,157
8294,494
8295,6
8296,106
8297,82
8298,6
8299,807
8300,1023
8301,1434
8302,361
8303,361
8304,399
8305,708
8306,61
8307,189
8308,6
8309,145
8310,318
8311,8
8312,1326
8313,797
8314,1248
8315,318
8316,178
8317,391
8318,6
8319,958
8320,16
8321,313
8322,6
8323,307
8324,24
8325,322
8326,24
8327,736
8328,872
8329,838
8330,989
8331,932
8332,538
8333,6
8334,129
8335,1237
8336,618
8337,45
8338,455
8339,918
8340,25
8341,318
8342,6
8343,6
8344,701
8345,64
8346,119
8347,6
8348,682
8349,1487
8350,1179
8351,6
8352,54
8353,6
8354,286
8355,72
8356,27
8357,1471
8358,16
8359,1229
8360,213
8361,152
8362,1336
8363,4
8364,1057
8365,389
8366,6
8367,6
8368,416
8369,6
8370,637
8371,104
8372,6
8373,6
8374,430
8375,6
8376,27
8377,755
8378,6
8379,149
8380,356
8381,6
8382,1488
8383,807
8384,538
8385,1489
8386,865
8387,1490
8388,582
8389,336
8390,527
8391,307
8392,1231
8393,6
8394,191
8395,6
8396,1069
8397,6
8398,200
8399,909
8400,353
8401,1491
8402,6
8403,119
8404,1492
8405,1345
8406,621
8407,772
8408,50
8409,103
8410,24
8411,104
8412,847
8413,374
8414,39
8415,19
8416,83
8417,969
8418,257
8419,199
8420,365
8421,73
8422,772
8423,1252
8424,932
8425,56
8426,157
8427,6
8428,12
8429,19
8430,17
8431,606
8432,88
8433,520
8434,540
8435,1323
8436,667
8437,318
8438,73
8439,61
8440,1493
8441,157
8442,1155
8443,120
8444,353
8445,386
8446,595
8447,35
8448,703
8449,529
8450,618
8451,820
8452,129
8453,10
8454,783
8455,189
8456,372
8457,1098
8458,6
8459,1494
8460,202
8461,57
8462,1019
8463,27
8464,119
8465,1495
8466,6
8467,175
8468,27
8469,44
8470,48
8471,1496
8472,304
8473,6
8474,426
8475,103
8476,638
8477,1497
8478,179
8479,631
8480,104
8481,19
8482,91
8483,1050
8484,56
8485,27
8486,35
8487,408
8488,361
8489,536
8490,359
8491,152
8492,14
8493,1498
8494,27
8495,6
8496,309
8497,112
8498,1214
8499,24
8500,1291
8501,117
8502,177
8503,701
8504,39
8505,14
8506,61
8507,44
8508,6
8509,104
8510,336
8511,44
8512,785
8513,199
8514,6
8515,104
8516,739
8517,104
8518,1499
8519,316
8520,1414
8521,145
8522,318
8523,61
8524,361
8525,255
8526,848
8527,426
8528,189
8529,25
8530,1500
8531,247
8532,709
8533,1441
8534,713
8535,1501
8536,103
8537,158
8538,76
8539,1123
8540,39
8541,556
8542,81
8543,672
8544,1007
8545,549
8546,12
8547,1502
8548,107
8549,145
8550,230
8551,901
8552,420
8553,6
8554,56
8555,280
8556,356
8557,1503
8558,580
8559,54
8560,1504
8561,104
8562,90
8563,174
8564,474
8565,6
8566,538
8567,199
8568,290
8569,217
8570,94
8571,136
8572,316
8573,146
8574,286
8575,12
8576,103
8577,20
8578,990
8579,16
8580,16
8581,1050
8582,157
8583,92
8584,1000
8585,551
8586,27
8587,1070
8588,61
8589,12
8590,255
8591,8
8592,505
8593,178
8594,111
8595,206
8596,6
8597,978
8598,88
8599,25
8600,978
8601,1032
8602,1505
8603,527
8604,40
8605,274
8606,1098
8607,1291
8608,21
8609,1506
8610,41
8611,454
8612,117
8613,25
8614,24
8615,391
8616,6
8617,1507
8618,318
8619,1508
8620,247
8621,318
8622,1509
8623,260
8624,25
8625,592
8626,106
8627,592
8628,4
8629,6
8630,178
8631,633
8632,981
8633,6
8634,6
8635,157
8636,54
8637,157
8638,6
8639,1510
8640,44
8641,157
8642,353
8643,82
8644,122
8645,589
8646,120
8647,199
8648,177
8649,1511
8650,16
8651,183
8652,76
8653,103
8654,88
8655,710
8656,211
8657,16
8658,199
8659,44
8660,682
8661,1297
8662,356
8663,1512
8664,24
8665,104
8666,24
8667,8
8668,492
8669,217
8670,106
8671,869
8672,206
8673,231
8674,6
8675,361
8676,166
8677,197
8678,199
8679,104
8680,6
8681,12
8682,527
8683,6
8684,24
8685,232
8686,6
8687,509
8688,699
8689,163
8690,44
8691,35
8692,24
8693,490
8694,6
8695,94
8696,1513
8697,919
8698,708
8699,1514
8700,28
8701,6
8702,140
8703,16
8704,54
8705,1515
8706,12
8707,296
8708,16
8709,1494
8710,811
8711,6
8712,1516
8713,345
8714,134
8715,6
8716,345
8717,492
8718,6
8719,6
8720,469
8721,129
8722,12
8723,61
8724,515
8725,186
8726,44
8727,176
8728,1013
8729,35
8730,719
8731,39
8732,6
8733,72
8734,393
8735,719
8736,6
8737,247
8738,8
8739,12
8740,14
8741,280
8742,169
8743,24
8744,27
8745,443
8746,19
8747,76
8748,191
8749,935
8750,6
8751,1517
8752,645
8753,24
8754,129
8755,275
8756,221
8757,157
8758,35
8759,103
8760,825
8761,54
8762,306
8763,56
8764,44
8765,238
8766,12
8767,1354
8768,6
8769,43
8770,122
8771,134
8772,35
8773,1050
8774,342
8775,50
8776,162
8777,761
8778,12
8779,6
8780,35
8781,6
8782,80
8783,16
8784,1179
8785,382
8786,45
8787,1518
8788,1119
8789,755
8790,1519
8791,281
8792,19
8793,872
8794,315
8795,410
8796,474
8797,104
8798,6
8799,41
8800,614
8801,6
8802,6
8803,308
8804,104
8805,274
8806,6
8807,6
8808,736
8809,473
8810,104
8811,848
8812,489
8813,1520
8814,1521
8815,14
8816,177
8817,689
8818,14
8819,230
8820,6
8821,1522
8822,1479
8823,56
8824,6
8825,492
8826,80
8827,1351
8828,104
8829,97
8830,6
8831,1523
8832,6
8833,702
8834,461
8835,189
8836,6
8837,213
8838,845
8839,280
8840,81
8841,19
8842,335
8843,633
8844,873
8845,393
8846,6
8847,1524
8848,19
8849,1525
8850,1526
8851,129
8852,519
8853,1527
8854,1391
8855,51
8856,1315
8857,144
8858,35
8859,1166
8860,1403
8861,6
8862,1528
8863,481
8864,1529
8865,297
8866,657
8867,879
8868,480
8869,6
8870,301
8871,931
8872,403
8873,196
8874,166
8875,104
8876,6
8877,6
8878,6
8879,103
8880,876
8881,6
8882,16
8883,641
8884,669
8885,129
8886,286
8887,56
8888,1530
8889,6
8890,1265
8891,49
8892,35
8893,199
8894,16
8895,24
8896,676
8897,247
8898,103
8899,526
8900,6
8901,6
8902,6
8903,480
8904,269
8905,41
8906,649
8907,39
8908,16
8909,356
8910,16
8911,178
8912,94
8913,1057
8914,12
8915,8
8916,6
8917,6
8918,949
8919,355
8920,422
8921,566
8922,404
8923,329
8924,286
8925,6
8926,1092
8927,97
8928,1229
8929,1414
8930,318
8931,215
8932,35
8933,1531
8934,1532
8935,6
8936,626
8937,154
8938,6
8939,1123
8940,1533
8941,318
8942,6
8943,356
8944,169
8945,6
8946,420
8947,6
8948,12
8949,97
8950,1254
8951,6
8952,969
8953,1534
8954,6
8955,66
8956,27
8957,1255
8958,199
8959,6
8960,178
8961,312
8962,255
8963,1535
8964,1492
8965,61
8966,318
8967,6
8968,6
8969,473
8970,337
8971,517
8972,854
8973,129
8974,83
8975,44
8976,229
8977,189
8978,710
8979,1536
8980,1482
8981,76
8982,6
8983,169
8984,344
8985,506
8986,98
8987,269
8988,41
8989,76
8990,718
8991,836
8992,1537
8993,1040
8994,104
8995,6
8996,122
8997,6
8998,90
8999,1538
9000,297
9001,6
9002,364
9003,16
9004,232
9005,387
9006,179
9007,45
9008,299
9009,1228
9010,157
9011,272
9012,614
9013,390
9014,1265
9015,194
9016,1539
9017,6
9018,758
9019,327
9020,1498
9021,110
9022,169
9023,6
9024,912
9025,6
9026,103
9027,232
9028,150
9029,39
9030,427
9031,599
9032,67
9033,157
9034,111
9035,665
9036,6
9037,893
9038,83
9039,6
9040,12
9041,1540
9042,107
9043,24
9044,6
9045,199
9046,558
9047,1541
9048,166
9049,596
9050,477
9051,697
9052,61
9053,251
9054,503
9055,6
9056,81
9057,447
9058,6
9059,468
9060,1243
9061,386
9062,318
9063,12
9064,82
9065,6
9066,6
9067,486
9068,1
9069,19
9070,104
9071,6
9072,179
9073,548
9074,61
9075,1259
9076,498
9077,490
9078,54
9079,91
9080,372
9081,6
9082,6
9083,1542
9084,1543
9085,1544
9086,61
9087,104
9088,97
9089,68
9090,6
9091,1545
9092,75
9093,323
9094,1051
9095,6
9096,6
9097,1546
9098,733
9099,252
9100,6
9101,225
9102,129
9103,772
9104,155
9105,658
9106,6
9107,16
9108,103
9109,397
9110,43
9111,1122
9112,440
9113,589
9114,35
9115,331
9116,1163
9117,864
9118,1103
9119,152
9120,1547
9121,177
9122,64
9123,82
9124,6
9125,179
9126,37
9127,1548
9128,1040
9129,58
9130,104
9131,6
9132,570
9133,6
9134,325
9135,1052
9136,506
9137,44
9138,35
9139,340
9140,893
9141,14
9142,498
9143,6
9144,129
9145,169
9146,152
9147,78
9148,416
9149,140
9150,16
9151,152
9152,1549
9153,104
9154,67
9155,648
9156,217
9157,531
9158,1550
9159,1551
9160,179
9161,1384
9162,104
9163,908
9164,1552
9165,35
9166,1464
9167,129
9168,178
9169,22
9170,301
9171,978
9172,709
9173,24
9174,6
9175,6
9176,766
9177,1553
9178,719
9179,6
9180,27
9181,535
9182,110
9183,832
9184,6
9185,1164
9186,1498
9187,154
9188,35
9189,16
9190,430
9191,6
9192,83
9193,631
9194,97
9195,410
9196,122
9197,1554
9198,18
9199,6
9200,74
9201,519
9202,157
9203,289
9204,538
9205,6
9206,6
9207,111
9208,27
9209,213
9210,241
9211,44
9212,327
9213,107
9214,1226
9215,6
9216,6
9217,217
9218,111
9219,455
9220,61
9221,1458
9222,1555
9223,119
9224,1094
9225,517
9226,61
9227,542
9228,24
9229,39
9230,382
9231,751
9232,35
9233,286
9234,1556
9235,297
9236,6
9237,205
9238,119
9239,6
9240,66
9241,181
9242,104
9243,6
9244,356
9245,6
9246,1557
9247,361
9248,573
9249,133
9250,6
9251,24
9252,1367
9253,144
9254,97
9255,134
9256,1556
9257,39
9258,694
9259,6
9260,16
9261,83
9262,86
9263,387
9264,66
9265,6
9266,20
9267,1174
9268,1558
9269,921
9270,14
9271,675
9272,6
9273,6
9274,162
9275,144
9276,35
9277,6
9278,265
9279,67
9280,12
9281,238
9282,1340
9283,6
9284,73
9285,811
9286,169
9287,743
9288,6
9289,296
9290,923
9291,593
9292,6
9293,6
9294,19
9295,309
9296,1559
9297,14
9298,1007
9299,152
9300,244
9301,104
9302,12
9303,62
9304,1056
9305,1109
9306,103
9307,97
9308,596
9309,6
9310,169
9311,540
9312,1560
9313,353
9314,41
9315,12
9316,24
9317,361
9318,535
9319,157
9320,6
9321,25
9322,718
9323,103
9324,129
9325,455
9326,6
9327,16
9328,27
9329,41
9330,303
9331,54
9332,19
9333,12
9334,189
9335,959
9336,16
9337,921
9338,573
9339,455
9340,1561
9341,259
9342,24
9343,56
9344,567
9345,16
9346,710
9347,1562
9348,56
9349,16
9350,103
9351,219
9352,785
9353,43
9354,27
9355,307
9356,6
9357,589
9358,1563
9359,1564
9360,1176
9361,447
9362,1565
9363,6
9364,6
9365,1146
9366,1566
9367,193
9368,699
9369,1567
9370,840
9371,1568
9372,6
9373,701
9374,177
9375,480
9376,872
9377,61
9378,1119
9379,1228
9380,6
9381,984
9382,1569
9383,50
9384,179
9385,230
9386,122
9387,6
9388,490
9389,162
9390,493
9391,952
9392,196
9393,492
9394,1570
9395,6
9396,129
9397,989
9398,243
9399,1571
9400,6
9401,318
9402,538
9403,1025
9404,434
9405,88
9406,230
9407,1388
9408,1080
9409,27
9410,387
9411,6
9412,1572
9413,119
9414,6
9415,40
9416,96
9417,6
9418,56
9419,353
9420,56
9421,1573
9422,308
9423,176
9424,1405
9425,227
9426,97
9427,364
9428,1574
9429,961
9430,726
9431,158
9432,1575
9433,1576
9434,1577
9435,809
9436,6
9437,6
9438,263
9439,1578
9440,381
9441,60
9442,52
9443,395
9444,202
9445,390
9446,318
9447,683
9448,6
9449,709
9450,301
9451,8
9452,339
9453,61
9454,1149
9455,12
9456,506
9457,101
9458,1419
9459,103
9460,1579
9461,19
9462,733
9463,12
9464,169
9465,200
9466,6
9467,27
9468,44
9469,529
9470,221
9471,80
9472,251
9473,683
9474,6
9475,258
9476,1580
9477,405
9478,336
9479,173
9480,492
9481,108
9482,10
9483,1581
9484,316
9485,24
9486,25
9487,75
9488,1582
9489,56
9490,12
9491,6
9492,56
9493,6
9494,6
9495,386
9496,110
9497,527
9498,103
9499,869
9500,35
9501,16
9502,20
9503,152
9504,189
9505,874
9506,614
9507,54
9508,81
9509,30
9510,54
9511,94
9512,35
9513,50
9514,546
9515,24
9516,27
9517,1583
9518,1070
9519,6
9520,1584
9521,1585
9522,1367
9523,16
9524,1096
9525,56
9526,14
9527,6
9528,472
9529,1520
9530,6
9531,6
9532,1414
9533,312
9534,494
9535,16
9536,6
9537,1586
9538,501
9539,6
9540,1587
9541,24
9542,69
9543,104
9544,20
9545,591
9546,1072
9547,238
9548,16
9549,369
9550,27
9551,31
9552,206
9553,83
9554,179
9555,6
9556,1588
9557,360
9558,941
9559,896
9560,35
9561,1589
9562,345
9563,143
9564,823
9565,158
9566,1203
9567,630
9568,958
9569,16
9570,6
9571,54
9572,1590
9573,104
9574,529
9575,755
9576,1050
9577,45
9578,335
9579,12
9580,297
9581,1591
9582,27
9583,157
9584,318
9585,95
9586,6
9587,881
9588,16
9589,873
9590,61
9591,6
9592,129
9593,1285
9594,44
9595,6
9596,1568
9597,162
9598,632
9599,56
9600,6
9601,377
9602,199
9603,1278
9604,116
9605,8
9606,27
9607,305
9608,6
9609,41
9610,726
9611,18
9612,98
9613,169
9614,739
9615,119
9616,81
9617,152
9618,166
9619,6
9620,194
9621,318
9622,54
9623,104
9624,122
9625,1592
9626,215
9627,1250
9628,1485
9629,708
9630,1233
9631,151
9632,6
9633,56
9634,6
9635,35
9636,83
9637,710
9638,609
9639,458
9640,263
9641,177
9642,1593
9643,904
9644,39
9645,860
9646,710
9647,511
9648,178
9649,6
9650,730
9651,361
9652,162
9653,73
9654,16
9655,1182
9656,6
9657,186
9658,600
9659,129
9660,56
9661,861
9662,591
9663,39
9664,542
9665,368
9666,386
9667,1419
9668,10
9669,1594
9670,1326
9671,318
9672,397
9673,1595
9674,50
9675,152
9676,43
9677,104
9678,76
9679,16
9680,318
9681,54
9682,161
9683,6
9684,35
9685,336
9686,76
9687,16
9688,1554
9689,969
9690,1596
9691,145
9692,54
9693,6
9694,772
9695,250
9696,447
9697,579
9698,822
9699,399
9700,76
9701,1012
9702,1597
9703,129
9704,1253
9705,1598
9706,142
9707,847
9708,1040
9709,1599
9710,129
9711,221
9712,6
9713,16
9714,258
9715,94
9716,61
9717,1445
9718,207
9719,27
9720,39
9721,166
9722,538
9723,1040
9724,747
9725,480
9726,382
9727,119
9728,6
9729,1042
9730,27
9731,1465
9732,103
9733,152
9734,36
9735,97
9736,345
9737,27
9738,219
9739,73
9740,6
9741,315
9742,181
9743,6
9744,1194
9745,1312
9746,449
9747,353
9748,156
9749,223
9750,14
9751,1600
9752,1601
9753,1602
9754,1299
9755,51
9756,316
9757,449
9758,27
9759,24
9760,232
9761,131
9762,386
9763,342
9764,119
9765,44
9766,386
9767,6
9768,666
9769,12
9770,591
9771,107
9772,78
9773,14
9774,61
9775,143
9776,35
9777,518
9778,19
9779,119
9780,6
9781,1603
9782,241
9783,348
9784,301
9785,387
9786,166
9787,1179
9788,61
9789,6
9790,10
9791,904
9792,258
9793,6
9794,873
9795,42
9796,12
9797,1441
9798,104
9799,10
9800,103
9801,199
9802,6
9803,27
9804,191
9805,24
9806,372
9807,443
9808,464
9809,470
9810,613
9811,319
9812,689
9813,10
9814,6
9815,918
9816,900
9817,169
9818,174
9819,626
9820,6
9821,6
9822,1226
9823,103
9824,231
9825,119
9826,410
9827,6
9828,6
9829,67
9830,1604
9831,391
9832,672
9833,169
9834,19
9835,166
9836,1336
9837,39
9838,1057
9839,1605
9840,879
9841,24
9842,19
9843,978
9844,231
9845,6
9846,1226
9847,6
9848,96
9849,6
9850,129
9851,137
9852,505
9853,1408
9854,318
9855,14
9856,35
9857,88
9858,1606
9859,6
9860,6
9861,82
9862,102
9863,276
9864,159
9865,6
9866,61
9867,1607
9868,196
9869,27
9870,106
9871,125
9872,54
9873,1608
9874,97
9875,1609
9876,295
9877,1610
9878,94
9879,6
9880,61
9881,112
9882,206
9883,35
9884,56
9885,6
9886,942
9887,16
9888,843
9889,823
9890,1611
9891,6
9892,1203
9893,213
9894,202
9895,169
9896,6
9897,410
9898,372
9899,1
9900,6
9901,232
9902,59
9903,683
9904,6
9905,181
9906,370
9907,609
9908,6
9909,1337
9910,6
9911,24
9912,152
9913,649
9914,1612
9915,43
9916,866
9917,1445
9918,6
9919,221
9920,524
9921,6
9922,387
9923,61
9924,78
9925,335
9926,12
9927,24
9928,1351
9929,6
9930,1190
9931,308
9932,1613
9933,86
9934,103
9935,6
9936,632
9937,180
9938,1614
9939,12
9940,104
9941,762
9942,1531
9943,6
9944,6
9945,586
9946,58
9947,258
9948,103
9949,675
9950,724
9951,480
9952,30
9953,6
9954,6
9955,655
9956,715
9957,54
9958,758
9959,1615
9960,8
9961,129
9962,25
9963,287
9964,325
9965,238
9966,1616
9967,162
9968,27
9969,758
9970,913
9971,318
9972,732
9973,298
9974,1617
9975,1618
9976,43
9977,1619
9978,269
9979,152
9980,301
9981,652
9982,157
9983,231
9984,8
9985,203
9986,83
9987,807
9988,14
9989,135
9990,477
9991,103
9992,1414
9993,6
9994,119
9995,263
9996,56
9997,132
9998,206
9999,6
