Entity1|Entity2
101|8933
4101|4614
7213|8466
4856|7485
4829|9725
1289|8634
3059|9179
6802|9806
6218|9126
5849|6986
3119|4205
1884|8409
5663|6060
9371|9596
8195|8902
1295|8153
4301|4419
5059|7040
2498|6623
2734|3420
3670|7648
358|4020
3064|8794
772|2425
389|1449
7025|7724
1689|8239
557|3895
1554|3063
3699|5250
2924|4049
5656|6673
8975|9725
3875|7035
2704|5934
4040|9733
895|8626
3317|4217
1328|5463
184|2109
96|9418
781|1715
4486|5499
3252|9615
4858|7396
2129|4535
1083|9433
3267|8384
8392|8991
3105|5454
1921|5428
6033|8204
1483|9012
1282|9311
6822|8240
303|8653
4884|5268
5247|7904
3708|4568
9566|9892
687|9557
90|9958
5064|6715
1541|4214
2720|4660
1167|2496
4631|9892
1488|8627
1488|8625
1336|4863
3302|5519
4058|8307
5469|5883
6415|9298
2297|7018
701|8420
1144|4418
1299|7941
3065|8829
6822|8302
4|748
3454|9318
1502|7488
2860|9462
5042|8581
7220|8026
3279|7464
516|7416
7990|9672
3123|4036
3488|6510
5241|8469
3712|4301
5250|7719
5663|6200
3690|6123
3273|7966
5071|6190
2092|7690
7399|9591
2502|6433
2724|4391
5669|5716
3511|4619
2909|5433
3515|4286
1477|9595
2125|4962
3508|4862
684|9881
3122|4133
880|9997
6059|6142
4492|5118
3065|8883
2107|6474
7018|8454
6253|6412
4066|7719
3132|3319
771|2679
511|7876
2118|5569
3850|9273
2878|8024
3087|7062
2332|4199
1948|3302
2151|2843
5652|7162
1510|6894
778|2124
1890|8133
2117|5676
3282|7290
6625|8340
3676|7351
1116|6842
6617|9024
3650|9521
4875|6147
3279|7553
4451|8582
1713|6456
3307|5230
2855|9973
3054|9853
3260|9133
7409|8845
1154|3712
3689|6306
787|1408
2730|3979
562|3706
3496|5939
1306|7493
1698|7726
4058|8455
5037|9119
793|920
3299|5927
1138|5059
1746|3747
2710|5657
3906|4694
4675|6400
2661|9725
5850|7178
2293|7502
2140|3823
3500|5629
120|7648
3712|4419
956|3799
793|945
6028|8804
196|1352
7023|8148
7199|9924
7017|8648
7226|7684
6243|7358
4451|8641
3130|3607
5257|7293
941|5072
139|6102
2475|8827
2338|3815
6060|6200
4675|6461
6233|8226
4459|8001
2154|2711
200|1058
2292|7648
3490|6521
687|9796
5454|7356
2310|6160
1894|7923
6632|7884
6442|7294
1749|3587
1684|8982
2873|8605
2866|9179
3880|6938
1766|2182
1735|4755
527|6714
4|973
1088|9311
7803|9014
6443|7204
3084|7490
4641|9330
1328|5777
2079|8980
741|5351
4674|6590
1287|9187
5448|7893
1953|3069
6816|9054
4691|5192
1114|7176
2124|5272
152|5112
3717|4134
3252|9963
1105|7935
3852|9312
2139|4037
1167|2799
6451|6586
3521|4023
1890|8327
3910|4525
1737|4661
957|3863
8793|8850
3521|4053
5067|6805
6214|9914
367|3689
5669|5987
511|8129
1723|5843
794|1032
1133|5664
4474|6886
1097|8660
1722|5937
952|4316
174|3353
7224|8027
567|3508
6619|9090
707|8274
5283|5299
2491|7658
8594|9029
5430|9493
4479|6500
3853|9319
6054|6849
4075|7276
4492|5434
3319|4485
762|3728
8188|9976
7019|8699
4479|6526
4658|8054
6634|7882
1174|2315
2878|8338
6612|9726
383|2436
357|4597
2330|4682
3683|7067
404|703
2502|6791
785|1853
907|8108
2671|9161
367|3783
6043|7818
1514|6884
4834|9855
2315|5947
5434|9217
4463|7888
510|8310
511|8227
3500|5895
3707|5108
8206|8529
5257|7530
3325|4054
7818|7958
2873|8805
572|3175
162|4442
2941|3166
7230|7633
401|990
2088|8427
2479|8742
1498|8248
1292|8962
2537|3939
4049|9515
6451|6750
950|4597
394|1591
3330|3662
5041|9114
2114|6298
7598|9870
2525|4949
6222|9409
1729|5491
5279|5763
2895|7026
4486|6043
2109|6729
1|1467
706|8492
5844|8030
3674|7913
917|7368
1093|9142
4487|5964
2146|3674
395|1551
4877|6385
6449|6984
407|562
1495|8566
3505|5578
2879|8386
1539|4912
6220|9600
3282|7699
691|9764
298|9618
775|2794
915|7571
770|3224
6057|6764
8397|9150
4271|7560
6442|7601
5264|7070
3699|5894
1945|4014
6449|7011
4451|9010
2480|8773
795|1170
5273|6330
796|1090
4868|7176
1506|7698
2305|6920
1538|5043
8594|9218
8588|9716
6043|7958
112|8724
3513|4972
4480|6630
5836|8779
734|6254
942|5372
1484|9541
4891|5293
736|6091
6048|7558
328|7197
4087|6493
5259|7520
388|2223
5829|9365
1159|3765
936|5890
5280|5789
2109|6845
3137|3445
2550|3009
2310|6552
4447|9409
3129|4111
5056|8010
5655|7460
3883|7077
3130|4036
697|9373
1103|8447
7599|9943
4840|9570
8791|9311
1368|2838
2915|5519
329|7163
1766|2582
6238|8246
4872|6921
1561|3215
3653|9802
6037|8535
1580|1644
3690|6743
3677|7824
502|9203
913|7861
1107|8140
3311|5430
1330|6016
969|3216
204|1176
3308|5687
2158|2843
8987|9476
1713|7017
371|3715
191|2270
4451|9138
970|3153
5661|7026
4060|8836
1321|6797
1492|8985
7221|8622
4247|9706
1135|5859
6025|9601
1305|8148
7215|9128
1154|4301
6230|8988
1909|7175
2082|9199
2471|9689
597|1388
1717|6744
1321|6843
2929|4460
185|2832
204|1258
5249|8505
5835|9037
5458|7548
3507|5653
920|7377
4285|6611
1163|3601
907|8469
110|9092
1182|2038
4088|6596
4867|7486
2909|6160
5051|8597
5050|8680
2521|5597
4276|7383
1698|8370
2477|9243
577|3106
557|4771
1557|3692
5448|8421
1909|7242
4283|6810
2537|4271
8202|9209
8204|9041
1519|6858
2128|5464
7813|8753
8987|9611
8406|8671
7023|8796
4482|6702
6033|9041
8394|9689
1878|9853
4452|9197
4113|4580
5242|9177
558|4731
599|1331
4878|6630
1154|4419
2527|5149
5639|9012
3290|7370
8793|9376
1541|5079
6616|9836
2276|9614
345|6048
716|8023
2926|4827
374|3649
3286|7712
7021|9014
2717|5798
3307|5980
2129|5448
3672|8450
5835|9140
6433|8658
9186|9534
7430|7850
2304|7315
4487|6353
5473|6433
3273|8821
2749|3161
3907|5344
8603|8789
929|6769
3106|6300
2681|8807
3905|5518
5074|6810
5859|7177
3101|6728
6052|7544
127|7809
1758|3508
5469|6787
2296|8010
8600|9073
5240|9418
1506|8052
4651|9161
6617|9839
4492|5986
3522|4572
1921|6389
6627|9012
9384|9554
702|9259
180|3438
3500|6409
737|6358
8398|9465
3534|3583
4278|7368
7223|8689
951|4989
6644|7620
2709|6542
5251|8550
1124|7021
2674|9450
1556|3939
715|8204
4896|5243
2555|2939
3897|6252
517|8265
4111|4882
563|4452
920|7589
12|1036
2138|4799
1940|4856
1562|3460
335|7000
2297|7996
6634|8481
5088|5713
3853|9926
1769|2672
1501|8531
6459|6613
2117|6558
7607|9655
2734|4510
1568|2978
4861|8198
5439|9374
747|5598
1688|9413
3918|4551
1140|5753
4067|8568
125|8080
7221|8943
2310|6953
216|532
908|8630
5251|8623
3863|9136
8995|9168
900|9308
1693|9024
3690|7110
1892|8896
982|2506
7803|9795
2926|4997
2499|7664
4456|9075
2898|7316
204|1548
4054|9686
5842|8742
544|6102
599|1541
2675|9461
8605|8805
2944|3521
2319|6249
5038|9943
4054|9708
2497|7864
1323|7004
5447|8773
4121|4143
6059|7144
795|1682
1297|9167
3282|8251
8215|8412
2521|5886
1574|2574
1738|5344
5841|8870
5663|7262
3691|7095
3482|8058
2134|5252
4107|5343
4458|8975
1368|3301
5867|6711
2480|9317
7632|7692
1686|9685
2306|7376
3675|8441
6028|9746
1140|5857
1521|7007
5457|8002
1110|8355
1717|7131
308|9397
3090|7873
4857|8667
927|7178
9|1452
577|3461
6456|7017
5460|7779
8996|9196
3066|9869
3311|5929
3324|4850
910|8605
6444|8043
4120|4323
6044|8467
509|9129
770|3854
8597|9578
1730|6091
2677|9411
8205|9352
390|2629
895|9870
9386|9624
2909|6552
2517|6321
1301|8945
2116|6834
4853|9035
5669|6864
4081|7582
5277|6629
5477|6411
1352|4729
160|5370
589|2531
7042|7597
2704|7209
1156|4627
5468|7176
4671|7788
3482|8173
5283|6158
896|9831
5070|7448
2722|5738
557|5204
2717|6146
191|2817
3537|3635
5635|9729
1566|3384
3698|6654
3314|5758
6463|6533
7805|9836
3132|4485
5473|6791
604|1323
6056|7572
4874|7365
8414|8458
1161|4254
9386|9702
1701|8594
732|7105
6425|9733
5281|6367
199|2194
6262|6878
3507|6154
7811|9371
3073|9421
1141|5931
1374|2981
931|6983
7813|9228
1556|4271
2310|7226
6060|7262
4485|6924
2560|2859
1361|4075
2876|9409
5879|5925
6246|8232
1117|7946
2478|9672
5637|9631
216|818
7215|9723
7221|9244
2879|9179
762|4668
6233|9321
7043|7628
6246|8244
3539|3555
1908|7864
1140|6069
3675|8662
771|3935
2150|4170
1746|4933
185|3425
6238|8921
5838|9354
2739|4435
2693|8263
2482|9392
6660|6689
2365|2719
5082|6580
2908|6810
2539|4669
324|8285
910|8805
1723|6862
6258|7301
1305|8796
5252|8872
4670|8024
216|882
150|6359
8398|9896
1784|1810
2674|9860
508|9420
4685|6800
4851|9406
4858|8822
985|2605
8996|9439
1689|9706
3129|4882
23|533
7217|9633
4495|6192
3494|7357
2094|8870
4844|9991
4092|6870
4890|6185
3910|5606
2747|3831
328|7995
2871|9916
5668|7153
3502|6695
2367|2602
4877|7259
3482|8357
3150|3156
2127|6140
3663|9724
3468|9525
995|1799
548|6132
3689|7568
531|7542
1199|1253
1694|9319
3483|8289
2533|5219
4471|8205
1536|6063
2521|6224
2677|9661
7628|8344
6654|7266
598|2002
1384|2301
5281|6541
2129|6013
3084|8663
1502|8899
1324|7290
1735|5944
412|1070
608|1186
4513|4756
3510|6086
3272|9455
2297|8454
1937|5571
2116|7097
8008|9580
1099|9592
1955|4081
2875|9642
3106|6859
2358|3414
2890|8406
4112|5296
6263|6976
3503|6684
2355|3670
369|4669
508|9522
5676|6558
970|3957
2129|6064
6856|6947
316|9090
2137|5404
7019|9793
4668|8330
111|9729
7811|9596
2730|5347
5668|7265
1544|5486
8024|8338
2695|8280
4266|8961
6241|8866
2512|7084
531|7673
3510|6175
1394|1586
1971|2845
1163|4379
4672|8046
4850|9655
2527|5852
3918|5088
9192|9705
9003|9009
7045|7688
2944|4023
7635|7895
4257|9726
3496|7366
2911|6765
1170|3818
2160|3566
3907|6018
1117|8219
782|3259
549|6214
2105|8140
2691|8650
4095|6804
4903|5291
5101|5241
3526|4891
7620|9141
2909|6953
2944|4053
176|4418
195|2840
3662|9997
1310|8600
4510|5146
2137|5505
551|6071
1148|5669
946|6052
14|1491
917|8468
1764|3708
5650|8856
6453|7733
3119|5939
9196|9439
5447|9317
1745|5294
3334|4480
3905|6241
5064|8346
315|9302
209|1731
707|9549
6063|7376
1352|5167
1148|5716
2734|5146
5048|9703
6037|9529
3072|9877
7021|9795
2123|6722
6431|9615
2487|9282
1766|3589
6058|7809
3478|8957
6244|8747
3503|6888
913|8862
4694|6339
5663|7839
6840|8453
3538|3979
2155|4085
2885|9035
4670|8338
3078|9420
3735|4043
1959|3989
315|9370
205|2116
1296|9872
5078|7257
114|9674
3530|4670
7431|8560
1319|7961
1701|9029
2487|9331
3717|5551
4090|7361
2373|2416
4514|4946
567|4862
2890|8671
8803|9405
2732|5404
5082|6959
2941|4434
7814|9573
4298|6504
1124|7803
3887|7856
3728|4668
1161|4738
2170|2911
2508|7629
2310|7684
1170|4005
7831|8191
24|819
1531|6809
1738|6018
4070|9066
1107|9236
191|3346
1715|7924
1923|7044
4487|7234
4082|8081
8414|8982
2547|4409
3308|6794
1369|3888
5051|9578
1167|4273
974|3918
4464|9167
2926|5748
1780|2557
2102|8605
5847|9058
715|9041
5674|7054
6068|7120
4463|9254
538|7351
3078|9522
1909|8246
1590|1962
2174|2646
3906|6339
5852|8660
2897|8176
4474|8355
3911|5945
8615|8716
1915|7774
2095|9216
2732|5505
5651|8993
5444|9782
2308|7930
4072|8970
813|946
2096|9151
6828|9603
2550|4245
3698|7266
908|9454
1324|7699
9006|9072
1693|9839
1951|4812
4458|9725
942|6649
743|6782
5256|9037
2909|7226
3077|9667
509|9824
4692|6708
3105|7356
798|2226
6060|7839
2700|8204
311|9881
772|4387
1582|2698
355|6237
4120|5035
1299|9807
1717|7878
1131|7370
767|4815
3087|8860
1980|2441
4851|9918
1701|9218
3739|3905
6037|9792
314|9657
803|1841
3290|8418
318|9334
1764|4008
1148|5987
955|5623
5070|8137
335|7931
1156|5321
1498|9704
8407|9694
957|5464
1574|3405
6036|9883
952|5890
6048|8903
3513|6331
4895|6314
528|8324
3274|9785
3870|9464
2149|4857
2703|8021
6639|9013
1940|5821
3900|6981
1202|1549
2117|7525
321|9137
6457|7762
169|5372
7629|8781
5256|9140
621|630
4890|6749
6272|6727
1202|1559
532|8024
1729|6974
3111|6956
2122|7129
6258|7899
3526|5293
390|3436
3892|7677
2730|5822
4695|6578
509|9946
8417|8952
2102|8805
531|8130
2558|3739
1104|9729
3157|3170
1946|5383
3334|4878
1694|9926
6431|9963
4131|4257
3873|9298
1004|1661
742|7025
4694|6690
158|6349
1135|7177
7037|8826
3936|4079
906|9811
4278|8468
2355|4232
28|769
7043|8344
2919|6585
33|363
4875|8073
8406|9930
7627|9049
2359|3922
1310|9073
1539|6454
3347|3852
36|136
3154|3484
3141|4565
7242|8246
5663|8234
4716|4917
4695|6675
2568|2992
1323|8020
4124|4910
2373|2795
5463|8472
6845|8447
7637|8269
1752|5193
1715|8270
1699|9598
2922|6390
792|2968
1205|1454
2939|4987
399|2822
522|9000
2512|7668
3087|9095
2377|2490
414|1583
7635|8443
6459|7747
2355|4320
2163|3878
3311|6895
7631|8777
8804|9746
3893|7750
2899|8328
4896|6419
1138|7040
1511|8854
1709|8803
7038|8861
3906|6690
6446|8867
5669|7824
2178|2656
130|8803
6663|7231
4519|4968
2517|7297
1596|1819
2312|7932
2298|9097
726|8502
3318|6364
2325|6860
2558|3905
3918|5713
4676|8334
1167|4678
5886|6224
346|7283
997|2402
1571|3918
818|882
4658|9849
3342|4390
4701|6277
2557|4004
4514|5412
2557|4016
1511|8914
2121|7437
1768|3968
5083|7345
5061|9171
7642|7941
1578|3358
3883|8649
565|5521
1561|4770
1577|3448
1302|9887
984|3513
8025|8949
2114|8034
2109|8447
6846|8487
4296|7157
1395|2177
6248|8975
5880|6751
3524|5695
1708|8969
1372|4095
2092|9869
1519|8283
1914|8274
1341|6684
980|3883
6632|9909
6060|8234
4319|5283
3675|9583
9010|9138
6076|6897
6064|7893
4320|5195
161|6332
405|2468
1758|4862
4319|5299
1330|7622
6469|7060
2311|8116
1369|4388
5867|7877
4486|7818
2180|2610
6252|8709
908|9888
2149|5188
2948|4405
2502|8658
6640|9279
5868|7820
1387|2901
4296|7221
3095|8603
532|8338
1014|1101
813|1398
3502|7596
1941|6088
1110|9524
321|9479
6067|7689
975|4351
6861|7324
908|9915
8232|8244
4910|5438
1948|5519
4489|7608
5064|9048
2729|6243
1713|8648
36|383
2909|7684
1989|2127
4293|7512
1326|8008
3733|4834
8412|9707
1172|4414
2560|3911
3739|4358
4323|5035
1520|8309
6445|9130
1161|5345
6634|9834
5472|7978
4120|5506
3677|9519
8215|9707
33|675
6074|7184
814|1390
2308|8457
5102|5927
6086|6175
5072|8431
3484|9163
1587|2774
2139|6111
925|8569
345|7558
737|7795
8033|8442
1155|5875
3699|7719
3498|8017
1916|8245
3352|3746
4081|8776
781|4155
4692|7228
6078|6883
1121|8707
1107|9875
7832|8745
736|7902
1324|8251
8021|9448
6054|8870
929|8267
4486|7958
7639|8407
1917|8188
4703|6328
2182|2582
7620|9988
3893|8031
41|66
2298|9345
1599|1824
2905|8122
6254|8688
2961|3476
974|4551
3683|9083
234|444
5307|5373
2948|4557
3742|4194
5488|6730
6865|7124
5676|7525
205|2862
3151|4112
6253|8779
1699|9936
1341|6888
6258|8369
6065|8005
1172|4530
2112|8429
3153|3957
2331|6640
768|5304
7839|8234
1953|5259
803|2409
1764|4568
570|5366
3939|4271
1909|8921
5273|8231
989|3359
7829|9076
7628|9373
7644|8051
3095|8789
2131|6885
7824|9519
6644|9141
969|5041
1209|1502
2961|3542
2528|6714
4660|9984
6277|6840
4293|7674
920|9109
1368|4699
1177|4168
125|9568
3691|8511
318|9938
2324|7278
3539|4742
5883|6787
6256|8597
1945|5972
607|2341
1107|9993
337|8371
5477|7730
3534|5168
976|4495
3886|8733
4895|6901
2897|8906
7446|8163
2891|9412
2338|6157
5299|6158
4314|5992
935|7917
419|1601
2380|2680
1520|8521
4471|9352
3483|9435
8625|8627
1355|5837
195|3817
5085|7547
741|7658
2725|6833
1150|6485
1725|7913
1774|3845
6255|8747
2577|2738
542|7800
1729|7584
2891|9446
3676|9827
3494|8556
2722|7096
1376|4124
6660|7912
1797|1951
2360|4373
2899|8793
2139|6342
2181|2855
798|2960
2122|7758
3703|7608
348|7543
4918|5067
4301|7125
8021|9656
7645|8097
7437|8977
3552|3768
3693|8448
8622|8943
4316|5890
2343|5811
5687|6794
4124|5438
2558|4358
8812|9551
3483|9499
2176|3298
521|9592
1511|9346
1973|3769
3542|4609
1966|4347
188|4471
4317|5829
2769|3241
624|1060
8615|9562
4710|5984
5286|7341
364|6264
3889|8605
1600|1977
2889|9685
5499|6043
2899|8850
3483|9540
5652|9743
2371|3528
6646|9151
4320|5616
2105|9236
787|3943
1905|9450
42|246
1542|6816
965|5560
2118|8166
2914|7629
1726|7932
354|7126
7448|8137
2741|5610
2730|6525
406|2813
3891|8477
935|8060
9598|9936
1204|2124
4108|6846
1551|6095
3|3507
6674|6861
1170|4951
2700|9041
1938|6748
5659|9214
4330|4819
541|8021
742|7724
4682|8382
2765|3653
6059|8797
2530|6788
1536|7376
1733|7407
1709|9405
3922|5960
4701|6840
1739|6923
595|3568
1511|9463
6285|6429
7242|8921
773|5182
4713|5841
980|4386
130|9405
199|3680
6456|8648
3886|8966
4909|5973
3925|5722
3331|5889
6064|8421
1972|4001
1148|6864
726|9121
760|6299
5490|6926
4898|6907
4671|9378
356|7069
2163|4544
737|8225
1735|7315
16|2535
573|5456
3486|9443
2148|5807
7846|7999
4875|8844
4323|5506
1571|4551
3141|5319
1199|2663
748|7330
3319|6924
4087|8730
558|6722
4129|5242
3342|5025
5464|9136
6849|8870
945|7377
3904|7543
2550|5232
2334|6790
389|4382
1309|9948
1706|9766
3889|8805
411|2564
1765|4872
6285|6553
1577|4097
3157|4032
6655|8602
3691|8868
3712|7125
8034|8852
3742|4632
1599|2280
1959|5169
2120|8189
1964|4759
1561|5439
2305|9231
8226|9321
2499|9514
6285|6570
390|4344
2506|8945
2719|7657
5265|9332
2508|8781
2127|7643
2521|7704
1593|2814
4675|9157
2323|7760
984|4216
3349|4535
5491|6974
612|2331
7834|9120
4335|4625
1122|9156
3693|8754
8622|9244
1511|9646
1131|8418
367|6306
4676|9102
1777|3969
3726|6045
1124|9014
1328|8472
4075|9854
7447|8494
162|6950
974|5088
1990|2679
1319|9227
226|1641
337|8815
998|3105
3093|9447
6074|7789
4713|6054
1937|7091
1121|9289
5286|7661
2763|4072
6248|9725
626|1223
732|8812
4303|7338
1730|7902
2890|9930
565|6292
197|4071
963|6028
6087|6731
4474|9524
4085|9056
1606|1815
4093|8391
3937|4963
2355|5195
6858|8283
2574|3405
3502|8301
236|854
5490|7145
4682|8670
5083|8153
2555|4987
362|6789
734|8688
7445|8724
1163|5851
4716|5864
6463|8315
5458|9825
4713|6122
8816|9641
1577|4269
6864|7824
241|469
8240|8302
4534|4606
1946|6413
2114|8852
3538|5347
598|3611
363|6732
1325|8810
945|7589
3119|7366
563|6528
956|6680
4674|9384
2118|8541
1141|7711
3141|5558
3484|9858
2380|3188
1763|5247
2177|3650
796|3590
2323|7921
7043|9373
3494|9032
1905|9860
760|6594
5119|5251
6079|7477
3299|8854
1548|6726
2970|3388
3910|7290
946|7544
2503|9388
4088|8920
7443|8971
1512|9729
3521|6823
549|7742
1921|8554
5473|8658
5895|6409
6254|9368
3116|7691
4337|4651
128|9933
6446|9840
977|5006
3911|7244
9406|9918
4319|6158
619|1964
2341|6494
4322|5922
1543|7199
402|3598
5279|8409
4910|6267
1123|9295
4712|6327
4315|6508
3299|8914
4669|9904
7453|8213
2174|3992
2525|7626
6674|7324
9412|9446
4095|8399
2728|7181
6670|7679
1335|8109
830|875
7443|9051
5874|8206
2899|9376
4679|9094
232|1365
6486|6565
3917|6816
5118|5434
6062|9000
7656|7770
4909|6406
7237|9779
5678|8107
2701|9455
4317|6399
7456|8015
3506|8174
3715|7211
3753|4067
4135|5130
6651|9282
795|3818
4882|8659
1005|2780
4674|9554
18|2787
5264|9744
1780|4004
2165|4816
4318|6336
169|6649
576|5635
3164|3823
3900|8271
9014|9795
1780|4016
1973|4381
2775|3353
965|6125
2000|2139
1398|2951
1165|5906
2730|7086
5078|8807
5658|9835
358|7359
8828|8875
778|5272
6057|9492
5704|6023
333|9442
152|8081
6651|9331
5117|5590
3894|8791
3496|9060
1801|2294
5486|7739
3543|5166
1950|6321
527|9742
18|2839
1611|1692
1601|2522
4890|8074
1342|7640
4691|8202
1910|9654
4519|6106
9411|9661
4525|5606
2160|5289
6654|9116
5870|8653
5511|5705
2105|9875
4917|5864
7262|7839
3946|4537
2129|7893
6644|9988
5659|9822
2565|4479
6482|7035
1573|4896
1125|9314
4326|5778
3907|7787
2937|6377
9015|9810
141|9077
339|9026
2563|4669
3307|8452
8829|8883
3121|7514
1571|5088
3509|8080
398|4145
1013|2251
5659|9846
2703|9448
2738|6544
244|551
7261|7971
216|2878
5507|6089
1538|7845
6484|6917
393|4574
238|1058
2939|6249
1376|4910
4339|4751
3154|4808
5691|7220
5865|9163
3715|7394
795|4005
24|2462
2552|5626
2120|8723
726|9737
2937|6446
6457|9194
4729|5167
3136|6325
383|5444
7464|7553
4732|4930
2182|3589
2367|4618
5318|5441
962|6550
3897|8709
437|972
2355|5616
4113|7161
5085|8402
2765|4366
2105|9993
6291|6627
823|1713
753|7522
4124|6267
2729|7358
1019|1839
7261|8053
140|9265
2143|6856
4926|5250
12|3522
2904|9243
1924|8672
7847|8573
1562|5957
6256|9578
419|2522
5889|7273
4120|6635
4526|5717
9214|9822
5284|8336
3910|7699
4912|6454
9214|9846
19|2976
3739|5518
572|6234
6264|8927
3929|6129
5874|8529
3692|9426
404|3800
3538|5822
4343|4540
6288|6946
4483|9319
1914|9549
1763|5703
1190|4107
2346|6469
3114|8265
7638|9608
1028|1177
1738|7787
3886|9728
2143|6947
361|7397
1939|7493
4137|5279
5491|7584
2196|2552
6684|6888
2922|7828
1154|7125
1365|5994
2750|5729
2897|9913
3888|9579
3933|5856
196|4729
361|7421
4134|5551
2961|4609
1022|1708
941|8431
2739|6656
2703|9656
3362|4111
3900|8608
3162|4326
3747|4933
974|5713
7241|9832
1594|3407
2744|6260
3299|9346
5664|9679
3716|7522
8637|8668
6453|9717
1384|4472
939|8637
163|7513
4479|9739
209|3697
1796|3046
3748|4869
1175|5443
2126|8428
5291|7873
6875|7472
2311|9461
1940|7485
2512|9161
2362|5234
5319|5558
4478|9835
5077|9267
3151|5296
136|9782
939|8668
2533|7449
3689|9804
808|3171
6074|8456
3322|7501
2786|2847
407|3706
984|4972
3324|7364
3929|6307
5886|7704
3132|6924
1573|5243
4877|9542
170|7007
943|8391
6461|9157
5859|9970
4296|8622
23|2834
4303|8036
1395|3650
2728|7703
3299|9463
5289|8131
1027|1430
2315|9213
734|9368
3698|9116
5106|6940
1400|3251
1194|3965
7639|9694
8441|8662
563|7188
6483|7343
1030|1195
3551|4942
345|8903
732|9551
3318|7906
417|2933
832|1257
7262|8234
2787|2839
599|4214
1124|9795
9018|9969
6678|7577
604|3807
4144|4899
531|9868
140|9555
2121|8977
4110|7732
5118|5986
1148|7824
4713|6849
4685|9171
1544|7739
3334|6630
3690|9843
965|6651
2723|8195
5297|7542
1608|2443
1980|4335
6453|9917
2558|5518
217|3211
8630|9454
6078|8276
3894|9311
769|6549
195|5038
1784|4228
6100|6438
5666|9698
349|8656
1161|6795
4495|8611
5892|7336
821|2254
2369|4843
4293|8996
1768|5582
3324|7516
4504|7874
3349|5448
2914|8781
1159|6992
5506|6635
7440|9955
3555|4742
813|2951
6670|8331
1771|5358
1414|2219
3370|3719
405|4050
2582|3589
2129|8421
2337|7541
5669|9519
819|2462
1374|5557
4687|9100
1150|7763
4136|5682
2153|6440
383|5896
2554|5935
8628|9688
7665|7700
5517|5764
996|4183
989|4764
1150|7786
3299|9646
8626|9870
7257|8807
4514|7107
4534|5447
4514|7121
1199|3735
3310|8749
543|9034
1326|9580
640|986
22|3128
9420|9522
1367|6181
4309|7759
5297|7673
1376|5438
4141|5329
4289|9427
1798|3183
1227|1431
9029|9218
3746|5348
3324|7607
2583|3584
5104|7335
145|9328
7054|9334
3138|6670
3330|7128
1212|2695
827|1882
3738|6033
6495|6571
3170|4032
3711|8280
4323|6635
5317|6062
1733|8625
3169|4121
627|2118
953|7832
1193|4294
1733|8627
2579|3944
3127|7612
4535|5448
3760|4239
1766|5899
972|6271
2565|5127
3121|8126
3169|4143
2378|4265
163|7887
390|5429
2976|3780
5899|6929
1571|5713
5901|6767
3359|4764
1599|3395
3352|5348
3116|8551
2590|3057
577|6300
6686|7173
6286|7592
196|5167
5124|5742
4296|8943
1390|4377
1011|3064
2392|3136
746|8679
6478|8067
2969|4404
4137|5763
4293|9196
376|6632
3510|8650
3166|4434
1581|4919
216|3530
160|8177
7848|9063
5508|6663
418|3158
4135|5942
2145|7275
1174|5947
2956|5507
8055|8277
1016|2688
3910|8251
9|4355
2322|8985
3562|4378
1208|3151
7642|9807
997|4278
1933|8510
210|4069
443|1114
187|5981
573|6710
5865|9858
1418|2121
7263|8515
1586|4562
1980|4625
5110|6989
6299|6594
2200|2754
8045|9135
8438|9284
356|8364
2537|7560
4926|5894
6678|7919
998|4234
5674|9334
2359|5960
8628|9935
9024|9839
2176|4769
3177|3618
7076|7670
2330|8382
6277|8453
780|5961
1777|5132
2346|7060
947|8488
7062|8860
1778|5058
2566|5184
4483|9926
5309|6904
4521|6771
5704|6877
436|1764
217|3559
6491|7113
1568|6113
572|6869
9615|9963
1604|3133
3921|7436
8235|9814
541|9448
8246|8921
1595|3888
33|2465
4703|8069
2362|5774
7459|8703
2399|2706
2336|7934
5296|8023
4903|7873
4492|9217
3331|7273
4317|7354
1542|8314
2741|7105
2951|6052
2336|7949
2139|7923
8058|8173
5691|8026
371|7211
818|2878
160|8339
1170|6434
3154|5603
1917|9976
549|8832
4112|8023
2206|2377
2928|7992
3924|7237
6853|9902
1199|4043
441|1420
367|7568
8045|9262
4307|8239
761|7640
1990|3935
756|8058
1352|7743
6478|8275
5716|5987
3538|6525
7069|8364
2765|5154
2336|8000
976|6192
4132|6395
23|3373
3739|6241
3354|5428
1933|8693
8630|9888
6096|7224
3905|8866
816|3107
6686|7430
8630|9915
358|8360
1950|7297
4293|9439
2586|3659
1568|6244
4301|8780
3144|6506
3899|9388
5515|6333
2341|7627
6868|8714
1568|6255
2555|6249
8641|9010
538|9827
6868|8735
2530|8333
1972|5498
1022|2434
5107|7440
6500|6526
1999|3270
4691|9209
6485|7763
7645|9789
4932|5602
3513|8692
2553|6453
19|3780
2206|2490
6485|7786
1039|1045
1206|3573
4296|9244
5124|6053
938|9432
3137|7146
45|1634
450|787
6669|8890
2391|3526
3527|7541
4738|5345
1532|9296
3708|8910
2323|9183
3513|8712
756|8173
4108|8487
3314|8853
5894|7719
4918|6805
200|5180
3362|4882
5318|6372
739|9597
597|4998
643|1180
795|4951
426|2811
1608|3015
541|9656
7062|9095
2944|6823
1801|3383
2161|6271
3309|9296
5297|8130
2527|8660
2913|9392
2324|9129
1133|9679
4131|6612
371|7394
4701|8453
8239|9706
36|2436
8058|8357
4145|5466
8448|8754
6887|7246
2560|5945
4909|7587
6496|6935
6691|7152
9|4701
1937|8514
5285|9169
2330|8670
4350|4849
5079|9878
223|3331
3349|6013
7854|8923
8641|9138
4746|4762
1144|8810
4345|5273
6300|6859
1601|3657
4350|4867
986|5552
2149|7333
2358|6373
1781|5115
5518|6241
5499|7818
2010|2496
2357|6462
4899|8477
58|683
3154|5865
3349|6064
1354|7814
188|6290
6497|6939
5101|8108
2724|8792
1388|4998
1769|6153
3742|6238
150|9457
2723|8902
4344|5429
4547|4965
2128|9136
6091|7902
9037|9140
6693|7074
1361|7276
207|4752
2194|3680
9226|9847
2969|4898
5697|7842
2558|6241
1933|8967
12|4572
39|2332
756|8357
2578|4587
5695|8033
1394|4562
4911|7556
201|5281
3712|8780
1813|2558
651|705
1019|2930
7054|9938
4535|6013
5126|6124
577|6859
7854|9067
1411|3179
1400|4090
3133|7718
7055|9861
3524|8033
1175|6391
1404|3765
6483|8186
4726|6569
1337|9330
184|6729
9234|9256
5499|7958
945|9109
4508|8285
5909|6693
767|7505
8839|9263
1556|7560
4535|6064
2911|9781
6491|7566
599|5079
5333|5375
5508|7231
378|7042
1746|8189
1178|6186
6111|6342
1331|9878
413|4150
437|2161
419|3657
9624|9702
8441|9583
5912|6502
2531|8585
4510|8168
2956|6089
4309|8478
5723|5796
811|3904
5692|8392
374|7409
746|9301
4145|5712
8832|9914
5509|7198
5682|9216
3174|4393
7085|7456
1997|3787
1595|4388
767|7578
1987|4627
45|1974
210|4665
4355|4701
4693|9412
2734|8168
3350|6194
1227|2181
6113|6244
3511|9233
398|5466
4345|5546
184|6845
5674|9938
6113|6255
6686|7850
4937|5567
1998|3753
4693|9446
5130|5942
3917|8314
5122|6605
6502|6766
4320|7648
2726|8885
2585|4199
5893|8164
3189|3232
2134|8872
7671|8050
2984|3858
5521|6292
1953|7520
4898|8848
3311|9493
4163|4314
408|4685
6864|9519
1376|6267
2177|5323
2010|2799
3119|9060
1553|7970
3559|5310
4111|8659
7471|8292
3556|5571
2146|7913
7067|9083
7261|9362
1190|5343
2547|7407
635|2264
39|2585
4886|9881
7084|7668
2204|3114
6077|9329
6297|7471
4359|4483
4298|9544
4352|5059
3538|7086
452|1083
5694|8359
565|8090
2588|4021
7259|9542
2984|3933
3746|6220
1335|9730
1776|5901
9822|9846
435|2525
9430|9610
1802|3758
6868|9255
2776|4840
5101|8469
1135|9970
2746|7326
1816|2604
6086|8650
2332|8932
818|3530
384|6783
3725|8017
7847|9956
1194|5092
3907|9288
3770|4289
3509|9568
3|5653
5875|9808
626|3100
3769|4381
346|9958
747|9442
1573|6419
3735|7197
3352|6220
3958|5083
2993|3260
1219|3040
4500|9259
953|8745
1390|5245
548|9593
3176|4468
7074|8629
2002|3611
631|2720
4943|5280
5912|6766
3574|4218
421|3778
1765|6921
7861|8862
6494|7627
1542|9054
2578|4993
229|3348
398|5712
1974|5978
3138|7679
4551|5088
450|1408
402|5391
1372|6804
5893|8387
6290|8205
7266|9116
5122|6854
5695|8442
1212|3711
559|8761
1955|7582
1749|8295
7673|8130
5909|7074
7065|9433
2754|6809
1779|5814
836|2164
3524|8442
2215|2399
7481|7694
6683|8394
2339|8488
3551|6197
3111|9948
3775|4002
5692|8720
8053|9362
2014|2710
4521|7617
1176|6726
2941|7695
6689|7912
645|1654
762|8330
1168|7397
4525|7290
34|3218
4894|9445
6292|8090
1560|7637
1766|6929
1175|6831
1554|8139
453|1224
1145|9328
4547|5490
2987|3897
1168|7421
1998|4067
5127|6500
825|3127
3380|4059
1774|6286
4736|6195
1208|4112
4726|7023
1239|1536
3943|6478
3171|5019
5115|7519
2746|7537
3162|5778
4524|7416
4140|6520
984|6331
8067|8275
6096|8027
1795|4559
5127|6526
1738|9288
8640|9859
3530|8024
1771|6560
2324|9824
6898|7003
395|6095
2356|7170
7075|8725
1408|3943
3380|4101
6883|8276
986|6202
4694|9727
5703|7904
2360|6853
1027|2808
2385|4782
9824|9946
850|1123
7263|9509
2331|9279
5495|8819
3929|7722
5716|6864
2214|2607
8248|9704
438|2566
408|5061
3365|5386
5501|8334
9435|9499
1739|9291
1964|7000
1437|1588
6669|9690
973|7330
760|8634
4731|6722
68|541
4890|9922
1746|8723
1216|3575
1180|6561
3706|9893
2000|4037
553|9455
3770|4591
378|7597
8056|9293
2183|5244
216|4670
1824|2280
1152|8901
9435|9540
3129|8659
3389|3458
7077|8649
8655|8766
5921|6313
207|5435
3139|7834
2324|9946
3963|4978
6695|7596
753|9272
3906|9727
3552|6338
5486|9658
2719|9941
3354|6389
7085|8015
203|5790
374|7983
989|6090
1154|8780
787|6478
7291|7325
4937|6100
1431|2181
2997|3286
2164|6887
1178|6806
2920|9676
1761|7575
5522|6715
5692|8991
7291|7344
1991|4884
4934|6375
1223|3100
3173|5097
977|7135
6288|8704
844|1800
2169|6511
1425|2726
7474|8559
2131|9669
376|7884
3754|6041
559|9078
2786|4459
2215|2706
7076|8838
5102|8854
549|9914
4946|5412
4129|7701
25|4266
415|4666
1038|2117
1008|4608
3563|5542
3359|6090
977|7189
3566|5289
5920|6515
2720|9984
5515|7372
998|5454
1180|6736
364|8927
5117|7644
772|7835
821|3770
456|1302
8840|9929
435|3047
5686|9594
1227|2855
8064|8829
2786|4536
5102|8914
5112|8081
1239|1865
4504|9407
9236|9875
2765|6288
3|6154
1987|5321
4893|9887
947|9720
814|4377
3716|9272
2565|6500
1023|3423
3530|8338
3314|9882
7478|8320
1941|9146
4900|9313
5498|8830
1213|4040
7092|7613
1395|5323
1995|4672
594|6272
2727|9455
2565|6526
3970|4598
2584|4957
1339|9994
2924|9515
7478|8358
4952|5026
4525|7699
2977|5119
4712|8570
3157|6574
8064|8883
4121|8482
3137|8237
3728|8330
2211|3175
6886|8355
4943|5789
423|4122
3742|7175
7876|8129
6298|8034
855|1044
3189|3937
7670|8838
6705|7013
4123|8328
8461|8718
3917|9054
2612|2682
264|955
7657|9941
8458|8982
2926|9397
644|2191
6484|8987
1148|9519
1598|4937
980|7077
1797|4812
2355|7648
4119|8697
3965|5092
4345|6330
2384|5249
228|3977
3348|7159
1634|1974
2208|3482
8854|8914
3369|5424
6308|7261
1583|6215
7678|8240
1343|9749
3742|7242
1425|2947
9236|9993
4122|8480
840|2357
3168|5738
990|6297
1215|4007
808|5019
2418|2464
6288|8930
6088|9146
5529|6403
4737|6599
7093|7675
3187|4184
7876|8227
2528|9742
7290|7699
841|2309
6109|7425
2209|3450
4748|5702
2977|5251
8054|9849
555|9667
751|9785
1589|5773
7471|9081
3922|8750
5517|7434
4337|7084
1941|9340
7678|8302
4146|6559
4551|5713
5307|8498
6496|8127
4937|6438
4335|7263
3380|4614
4548|5976
2386|5200
399|6285
2164|7246
775|7846
2553|7733
2747|8008
4752|5435
7668|9161
7664|9514
3138|8331
957|9136
6297|8292
8850|9376
2170|6765
7293|7530
4911|8640
2804|3296
393|6808
7484|8091
201|6367
3736|7876
7289|7903
4909|8827
1560|8269
1165|8287
6314|6901
1739|9800
1991|5268
6306|7568
951|9675
1350|9326
1441|1774
67|1135
3735|7995
4934|6780
215|5240
6286|9264
5889|9451
1541|9878
2951|7544
2416|2795
1055|1074
1612|3995
1776|6767
7679|8331
7070|9744
3367|5788
3141|8176
2391|4891
75|509
2399|4226
406|5806
2560|7244
4900|9644
2358|7631
1544|9658
2341|9049
4307|9706
8655|9280
1637|1943
1592|5678
1215|4204
6088|9340
796|6217
210|5706
5151|5209
6090|9200
1813|3739
3176|5309
5123|7550
4171|4644
1599|5124
563|9197
5332|6581
399|6429
4942|6197
4358|5518
1763|7904
7289|7997
5117|8051
2182|5899
2606|3483
7294|7601
775|7999
2221|2667
4135|7646
4332|7691
6513|6881
1039|2477
365|9276
401|6297
2149|8667
1430|2808
5907|8046
963|8804
1959|8056
4503|9907
3939|7560
4159|5697
5102|9346
1239|2306
201|6541
4738|6795
4713|8870
4172|4636
180|8291
2332|9912
3123|9794
6291|9012
2937|8867
2598|4237
3969|5132
594|6727
795|6434
5313|8274
5139|6329
2011|3822
821|4289
6084|9837
3144|8093
1204|5272
4339|7213
399|6553
1178|7431
2028|2424
565|9162
6682|9347
4919|8233
1809|4220
7273|9451
3764|5801
1594|5686
4705|9618
399|6570
6307|7722
1543|9924
433|3752
1385|6655
1813|3905
3736|8129
3963|5674
5537|6114
5501|9102
269|991
598|6451
6695|8301
217|5310
1431|2855
3756|6485
2373|6592
6708|7228
2741|8812
1231|3073
4123|8793
4341|7095
5723|7085
5102|9463
564|9295
666|832
4119|9143
8854|9346
2366|7191
1180|7332
6484|9476
8271|8608
4326|8352
4517|8896
7674|8996
5906|8287
4113|9657
3925|8876
5892|9470
2804|3622
619|4759
656|1688
1941|9719
4926|7719
7289|8200
3528|9077
6493|8730
2607|3602
1034|3093
3593|3693
4123|8850
4525|8251
7278|9129
253|2386
6495|8583
1810|4228
4128|8451
3736|8227
3324|9655
9|6277
818|4670
7287|8420
1010|5122
176|8810
2402|4278
8077|8381
2547|8625
5337|6432
4122|8974
2547|8627
4729|7743
4315|9337
1629|2908
2408|3786
6084|9974
4935|7049
3978|4561
451|2391
6123|6743
2578|6070
2363|7532
2024|2905
8854|9463
6122|6849
4368|4961
5132|7099
474|494
598|6586
6706|7517
2765|6946
1447|1666
8261|9552
4927|7745
4366|5154
2356|8152
4548|6443
279|321
7675|9053
2753|7979
6693|8629
7875|8824
1964|7931
2581|5880
7290|8251
5716|7824
1151|9877
841|2842
6088|9719
2015|3715
6129|6307
6292|9162
374|8845
6484|9611
226|4748
5102|9646
2797|4352
5529|6971
4160|5909
6290|9352
436|3708
466|1220
6125|6651
3325|9686
5545|5652
4140|7580
1598|5567
1610|4577
2554|8140
1777|7099
2214|3602
2391|5293
1037|2993
9249|9528
7471|9649
24|5153
5297|9868
3375|5550
5324|7635
6299|8634
7674|9196
3325|9708
3752|7045
3738|8204
8073|8844
7107|7121
432|4083
3327|9557
4132|8279
7687|8124
2028|2693
1181|7459
9047|9934
2972|6264
4337|7668
2160|8131
4726|8148
8860|9095
4747|6401
3369|6098
785|7579
821|4591
5901|8926
180|8646
3927|8944
1981|6619
5337|6603
1955|8776
1974|7205
5344|6018
992|6789
2582|5899
2778|6015
8463|9287
2799|4273
9053|9472
850|2198
403|6531
781|7924
5110|9064
6304|8282
1039|2904
6111|7923
2981|5557
1613|4415
1038|2991
4317|9365
1243|2367
598|6750
3152|7755
2419|3061
9837|9974
8854|9646
471|910
82|430
7091|8514
2370|7138
5149|5852
6308|7971
3968|5582
8863|8884
6089|9757
6293|9226
202|6868
5347|5822
2591|5194
2339|9720
1567|8261
1208|5296
3398|3756
5126|7788
2010|4273
1354|9573
3158|7300
814|5245
3719|9886
204|6726
60|2293
1040|2875
3157|7392
6114|7710
2424|2693
5319|8176
1045|2477
4564|5313
4355|6277
1160|9314
845|2694
1195|6417
7084|9161
3179|5596
6298|8852
3964|5975
4167|5509
6683|9689
1016|4907
7882|8481
2590|5337
3007|3494
1613|4511
6898|8220
3556|7091
41|3925
7669|9788
1824|3395
5304|9469
651|2452
1219|4463
3349|7893
796|6803
184|8447
5139|6776
6308|8053
5723|7456
5523|7687
2365|7657
6511|7594
7302|7498
7889|7926
3543|8203
6518|7030
5543|6037
1971|7604
3150|8055
2622|2739
1155|9808
1166|8901
1003|6044
1774|7592
5148|6081
4565|5319
666|1257
6502|8397
1813|4358
1599|5742
1989|6140
1156|9741
562|9893
6494|9049
9448|9656
8853|9882
5134|7257
3331|9451
195|7599
7674|9439
4755|5944
1033|3578
2169|7594
1398|6052
279|629
187|8268
1037|3260
6288|9802
2167|7773
5739|6219
6506|8093
3327|9796
858|1735
3171|6362
3151|8023
2749|8630
5324|7895
6123|7110
188|8205
436|4008
1042|2864
39|4199
3130|9794
1047|2457
3007|3624
5119|8550
2577|6544
6297|9081
5130|7646
965|9282
4763|5346
4163|5992
1243|2602
205|6834
3141|8906
1994|5809
4182|4426
6881|9780
4535|7893
5929|6895
2991|4985
865|1225
7481|9149
4547|6926
2148|9430
2030|2846
2233|2380
7474|9754
5742|6053
2226|2960
367|9804
848|2652
4140|7942
1233|3467
3375|5912
9052|9866
824|4649
965|9331
4358|6241
3189|4963
3139|9120
5119|8623
1808|4912
6136|6145
6712|7490
461|2026
2978|6113
4123|9376
3742|8246
7675|9472
7484|8948
1643|2247
3170|6574
3754|7264
7491|8379
430|4626
773|8924
2225|3101
3927|9286
3760|6774
80|914
280|700
781|8270
4119|9740
5909|8629
2418|3475
7276|9854
2969|6907
1028|4168
7095|8511
3150|8277
5521|8090
5912|8397
3010|3519
1372|8399
9|6840
1557|9426
2602|4618
2819|2984
1036|3522
819|5153
71|1700
4165|5965
7874|9407
5727|7405
3177|6059
2399|5094
57|2876
3175|6234
638|3809
5545|6130
1800|5671
4565|5558
1238|3173
5896|9782
839|3523
2799|4678
969|9114
2568|7478
3207|3593
3171|6582
196|7743
6317|7598
6886|9524
2552|8801
3332|9597
1018|5060
1575|7984
3583|5168
2615|3594
8662|9583
1995|5907
3943|8067
2539|9904
2018|4006
793|7377
73|1600
2748|8955
6321|7297
1258|1548
4332|8551
4|7330
2978|6244
4536|8001
1598|6100
5702|9543
5915|8248
2978|6255
2010|4678
6519|7268
7301|7899
2148|9610
2196|5626
463|2013
2167|8039
2741|9551
3792|4240
768|9469
2619|3290
7278|9824
6885|9669
3177|6142
260|2502
976|8611
3792|4263
2155|9056
1599|6053
4122|9636
7880|9018
5720|8077
2021|3813
1045|2904
4137|8409
2231|2769
4547|7145
7693|8172
2947|8885
3199|4353
990|7471
607|6494
2174|7510
205|7097
6685|9920
5348|6220
3207|3693
7490|8663
6322|7306
218|6027
7889|8305
7474|9979
1455|1664
1067|1107
1992|6254
1994|6087
1841|2409
963|9746
480|681
7673|9868
1779|7559
8858|9812
3977|5342
8264|9966
4951|6434
1980|7263
7478|9687
369|9904
2984|5856
3975|5517
595|7536
4331|8748
2817|3346
5523|8124
3924|9779
3768|6338
9450|9860
2233|2680
1432|3629
4352|7040
6329|6776
3752|7688
58|2989
414|6215
2182|6929
5550|5912
90|346
7488|8899
1568|8747
7278|9946
4129|9177
6711|7877
240|4292
995|7160
7494|8430
4561|6108
3967|6258
4726|8796
2797|5059
1444|2673
2810|3991
18|6347
676|887
2215|4226
4548|7204
787|8067
5107|9955
2937|9840
3943|8275
3552|7959
3349|8421
3156|8055
4355|6840
3330|9997
9059|9628
4911|9859
4335|8515
1764|8910
1561|9374
2993|5207
4172|5656
1182|8070
793|7589
1645|2417
5723|8015
228|5342
631|4660
2358|8777
4754|6519
6293|9847
1781|7519
808|6362
3747|8189
6691|9601
5546|6330
3168|7096
408|6800
7505|7578
815|5795
1842|2471
1042|3336
4160|6693
3739|8866
4360|6474
5522|8346
7306|7721
8463|9995
3390|5071
1261|1561
3011|3762
7095|8868
3211|3559
3979|5347
661|2221
1213|5555
5903|9496
7691|8551
2359|8750
5317|9000
6138|6397
7093|9053
2028|3453
3386|5430
388|8509
6126|7387
6690|9727
5163|5400
3792|4520
5347|6525
592|7973
2031|3230
5324|8443
1648|2250
1061|1828
2390|6213
1610|5416
864|1802
867|1553
2581|6751
5310|9620
4771|5204
858|2304
799|7200
604|7004
401|7471
4750|6957
436|4568
390|8389
6915|7494
4965|5490
1447|2577
1188|7693
813|6052
3738|9041
2607|4611
3007|4179
1263|1469
6525|7086
1598|6438
1018|5423
4535|8421
1203|6459
3350|8485
6297|9649
7698|8052
4141|8367
868|1497
1180|8372
5319|8906
223|5889
5720|8381
3975|5764
1655|1727
1411|5596
8272|9569
4933|8189
1255|2170
1047|3050
5118|9217
4946|7107
1178|8560
4946|7121
393|8184
73|1977
6130|7162
2424|3453
4563|6137
1219|5179
1959|9293
5739|6863
5741|6682
787|8275
5345|6795
1205|6350
4182|5030
980|8649
2609|4513
226|5702
6520|7580
2021|4171
2996|5165
7291|9126
824|5223
1761|9377
4350|7486
4377|5245
5154|6288
5507|9757
3156|8277
4165|6452
4927|8755
3961|7009
1240|3488
3375|6502
404|7342
227|5650
808|6582
2588|6293
5518|8866
6505|8858
1839|2930
1593|6962
7113|7566
6313|8433
1011|6133
5334|7782
4566|5990
1361|9854
4770|5439
5333|7861
9454|9888
59|3237
7301|8369
6502|9150
977|8973
2601|5248
1071|1169
1447|2738
7685|9281
6322|7721
2214|4611
5313|9549
4339|8466
1203|6613
2043|2439
6124|7788
2366|8395
9454|9915
8274|9549
2991|5676
3575|6358
3585|5538
474|1606
96|215
2804|4823
3958|7345
76|1877
5331|8087
7094|9199
2948|9266
7893|8421
3765|6992
2231|3241
451|3526
2558|8866
997|7368
2747|9580
59|3307
3342|9343
5753|5857
3756|7763
1214|5752
654|3084
2809|4438
6113|8747
3742|8921
1575|8561
5934|7209
5738|7096
2234|3025
4366|6288
276|1702
3009|4245
7283|9958
2554|9236
7883|9308
3756|7786
5139|7685
1637|3435
2749|9454
4732|8705
797|7630
2582|6929
42|4763
2800|5229
4558|6769
3175|6869
3019|3433
2238|2724
2392|6325
4534|8773
14|7100
3157|8378
2000|6111
5552|6202
998|7356
4539|8368
4143|8482
612|6640
4764|6090
435|4949
2026|3970
1365|9681
5359|5867
4930|8705
3779|5931
8480|8974
2787|6347
4160|7074
7699|8251
3963|7054
2233|3188
6729|6845
95|421
2609|4756
8074|9922
5329|8367
662|2521
589|8585
1442|3325
592|8342
17|6915
3166|7695
654|3203
5912|9150
4751|7213
3537|9682
4182|5295
3601|4379
6895|9493
68|2703
6528|7188
2191|6716
1174|9213
376|9909
9459|9700
3797|4503
3170|7392
7895|8443
1650|2479
7093|9472
1253|2663
4144|8477
5921|8433
3176|6904
4341|8511
1997|6457
3375|6766
3179|6660
2612|4566
7295|9105
2043|2644
661|2667
3395|5124
1581|8233
576|9729
474|1815
4570|5910
452|3644
845|3792
3733|9855
5550|6502
3979|5822
1994|6731
1843|2885
3354|8554
3179|6689
7313|7645
2987|6252
1071|1437
1199|7197
2590|6432
3381|6316
841|4153
1971|8665
1629|4283
3348|9062
3144|9609
6520|7942
5753|6069
4345|8231
1181|8703
4556|7115
4746|7729
471|2102
2239|2818
3747|8723
36|5444
4136|9216
4193|4482
3386|5929
379|9749
6896|9518
984|8692
4375|5769
2583|7044
8080|9568
5931|7711
627|5569
3201|4918
3786|5515
984|8712
2819|3858
2017|4890
2225|4015
2568|8320
3141|9913
1188|8172
6725|7360
5530|8241
2439|2644
4577|5416
792|8284
1807|5956
1977|8236
5515|9489
4344|8389
3562|7761
2049|2262
3378|6644
2397|6161
2000|6342
667|2296
9265|9555
2568|8358
3607|4036
6507|9092
4169|6542
3600|4619
4526|9680
1010|6605
5347|7086
8867|9840
6129|7722
2207|5561
1369|9579
450|3943
4131|9726
982|8945
2819|3933
6339|6690
2209|5411
5537|7710
2232|3505
1567|9552
1813|5518
4157|7571
990|8292
2021|4644
4747|7765
238|5180
75|2324
60|3571
2952|9302
611|6996
2982|6821
1071|1588
1807|6036
93|848
4933|8723
3989|5169
188|9352
6926|7145
2414|4815
4773|5629
6500|9739
2590|6603
7903|7997
234|5545
5121|9530
7512|7674
3347|9312
263|3144
4174|6210
421|6418
3596|5043
1217|5892
874|1591
2826|3424
3201|5067
1242|3820
3978|6108
1044|3873
7706|7976
7888|9254
2962|8528
2828|3267
282|1596
5522|9048
2553|9717
6723|7682
6715|8346
6308|9362
2952|9370
7899|8369
6511|8888
1036|4572
4754|7268
6317|8626
7880|9969
5545|7162
3162|8352
5521|9162
9463|9646
2629|3436
1408|6478
3406|4492
5550|6766
5722|8876
8291|8646
1972|8830
4194|4632
3602|4611
2586|7020
1419|5583
4004|4016
2749|9888
3221|3474
867|2255
247|4567
3394|5508
7882|9834
4337|9161
234|5652
2169|8888
3778|6418
2018|5036
5952|6207
3177|7144
6504|9544
6329|7685
7105|8812
6712|8663
6907|8848
78|2234
2749|9915
985|8877
877|1456
2215|5094
6116|8984
3206|4760
1367|9944
432|5631
4155|7924
4341|8868
1004|7314
3539|9911
6333|7372
1606|6503
2771|8119
8671|9930
3945|8976
5154|6946
2753|9621
5555|6425
7892|9074
3556|8514
1067|2105
660|3123
2049|2527
8679|9301
660|3130
1441|3845
1010|6854
3568|7536
4755|7315
1|8684
8091|8948
438|5184
2408|5515
1255|2911
5939|7366
3753|8568
4759|7000
2002|6451
7694|9149
272|2598
5137|8401
3539|9972
2637|2920
7685|9906
7487|9962
246|4763
1213|6425
7903|8200
4949|7626
4534|9317
5716|9519
383|9782
1266|2028
3154|9163
401|8292
2407|5639
1976|8642
4330|9871
2989|6495
2765|8704
1031|5164
2553|9917
75|2596
6508|9337
42|5346
7516|7607
1404|6992
4773|5895
845|4240
6902|9421
3969|7099
282|1819
2970|8096
227|6387
1834|4080
671|2308
638|5050
5560|6125
3161|8630
5126|9378
607|7627
4968|6106
5956|6036
405|8011
845|4263
4952|7443
4379|5851
2423|4360
232|5994
7513|7887
2554|9875
443|4868
1385|8602
2968|8284
4335|9509
28|6549
7313|8097
1400|7361
1240|4258
3589|5899
4366|6946
1776|8926
4172|6673
36|5896
3967|7301
688|933
4587|4993
1989|7643
1398|7544
3764|7774
8090|9162
2989|6571
1817|5548
5565|5756
17|7494
3551|9088
1658|2363
252|4375
2002|6586
4767|6463
9662|9770
5358|6560
655|3698
2026|4598
7884|9909
6306|9804
1659|2297
582|9772
2763|8970
3396|5595
2393|6923
291|1175
277|2337
6915|8430
6506|9609
4390|5025
6899|9783
5134|8807
495|640
493|808
2203|6343
5323|9521
2982|7227
8480|9636
4159|7842
2833|3206
5344|7787
2014|5657
2554|9993
3571|7502
482|1746
4775|5868
1216|6358
4767|6533
3200|5530
3958|8153
3395|5742
3783|6306
6328|8069
4167|7198
604|8020
278|2317
5321|9741
1649|3216
1801|6983
298|663
2809|5239
1980|8515
5319|9913
1799|7160
3390|6190
6108|9977
1609|6555
3194|6079
6142|7144
2591|6978
5717|9680
6505|9812
1832|4452
1442|4054
1774|9264
873|2131
2765|8930
5341|8117
2991|6558
2425|4387
6315|9208
1824|5124
5727|8863
5563|6084
1828|4794
1808|6454
2622|4435
4155|8270
9465|9896
2002|6750
2019|5338
815|6966
4171|6949
6344|6822
1648|3372
5953|6496
2009|6181
799|8304
1411|6660
6511|9360
202|8714
3979|6525
5727|8884
6126|8538
6122|8870
4975|5776
6343|6933
5756|6505
2832|3425
4007|4204
1411|6689
7325|7344
3598|5391
202|8735
845|4520
5915|9704
41|5722
624|6486
815|7019
2045|3235
5333|8862
2227|4519
2995|6304
5944|7315
5359|6711
1857|2481
7690|9869
3801|4969
480|2088
2809|5385
2169|9360
234|6130
5945|7244
1592|8107
2443|3015
54|4691
2360|9902
57|4447
1023|6188
3362|8659
2616|5053
7514|8126
4368|7094
2200|6809
2780|7821
1067|2554
81|2470
5752|6906
3566|8131
3389|6441
471|2873
1809|6507
64|3887
8292|9081
1266|2424
9|8453
1966|9863
2795|6592
1199|7995
624|6565
1629|5074
8102|8486
1633|4747
1038|4985
3746|9600
5935|8140
1999|7142
846|4539
3009|5232
2834|3373
418|7300
3606|4844
619|7000
2607|5843
823|6456
2034|4248
5526|9333
4932|9482
660|3607
2032|4424
8481|9834
4978|5674
3383|6983
7896|9249
7901|8840
8692|8712
3415|4345
3219|4230
1813|6241
2371|9077
4961|7094
6906|9497
672|2642
236|6061
5927|8854
7900|8937
1768|9981
1864|2020
3786|6333
3590|6217
5529|9132
3352|9600
3406|5118
3767|7917
8289|9435
1023|6296
5127|9739
1203|7747
1627|5324
997|8468
6323|8784
3224|3854
5146|8168
108|335
2642|3003
855|3873
495|986
5942|7646
3395|6053
1005|7821
2617|5101
811|7543
18|7830
6524|8500
990|9081
6715|9048
991|9003
1843|3827
675|2465
2994|6600
3170|8378
6330|8231
3945|9582
5927|8914
991|9009
4773|6409
6734|7487
2956|9757
8289|9499
6140|7643
3581|7037
280|2498
4579|6132
3813|4171
482|2120
1037|5207
3169|8482
625|6639
1214|6906
1611|6723
989|9200
4373|6853
6736|7332
7326|7537
246|5346
5560|6651
2214|5843
3812|4290
6906|9619
7701|9177
793|9109
3565|8417
223|7273
1053|3921
4972|6331
3386|6895
1220|6445
66|3925
1075|2097
3768|7959
8289|9540
8104|8534
3998|5258
6327|8570
5567|6100
5351|7658
1596|8022
4965|6926
1047|4442
2180|8710
3767|8060
2055|2705
1798|7652
1253|3735
1267|2579
8493|9020
6911|9252
6524|8607
7105|9551
2034|4467
5173|6077
3816|4018
455|4462
681|2088
2407|6291
2617|5241
4772|6611
1266|2693
8104|8572
461|3970
3359|9200
3215|4770
3355|9535
4355|8453
3378|7620
443|5468
33|6732
2838|3301
3967|7899
1377|9874
1243|4618
2031|4750
3787|6457
813|7544
3154|9858
620|7185
2841|3075
78|3025
5953|6935
8684|9637
5553|7362
2969|8848
640|5552
2211|6234
5342|8507
21|7781
7896|9528
1209|7488
3961|8450
658|4071
4747|8744
1238|5097
4008|4568
4932|9790
2629|4344
451|4891
2203|6933
651|4680
4736|9693
1578|9665
216|8024
4380|6482
8093|9609
1846|3812
1261|3215
4751|8466
7135|7189
3999|5344
8688|9368
1586|9015
108|619
4013|4181
8500|8607
2227|4968
1252|3980
1013|7433
2408|6333
401|9081
8693|8967
3575|7795
3406|5434
3584|7044
7909|8527
3818|4005
2584|8134
4574|6808
2365|9941
655|4412
672|3003
3179|7912
49|5563
444|5545
4965|7145
7129|7758
202|9255
5565|6505
2563|9904
2565|9739
1867|2140
1865|2306
1779|9444
6917|8987
2637|3775
4583|6096
5341|8715
3979|7086
660|4036
2170|9781
1088|1282
54|5192
3211|5310
1997|7762
1981|9090
3975|7434
3161|9454
1824|5742
4942|9088
4005|4951
8108|8469
9282|9331
651|4804
7307|9420
1815|6503
9476|9611
6513|9780
8488|9720
3183|7652
9081|9649
4759|7931
1063|3399
45|5978
6743|7110
6338|7959
1|9637
248|5526
4405|4557
444|5652
1253|4043
195|9943
6125|9282
77|3355
4558|8267
5567|6438
7308|9404
812|7889
8292|9649
4762|7729
2017|6185
2613|5870
1232|5804
1191|9204
2596|7278
1477|1860
3003|6275
2787|7830
2384|8505
437|6271
6124|9378
611|8212
5927|9346
1604|7718
1666|2577
229|7159
812|7926
8888|9360
111|576
823|7017
1995|8046
1003|8467
6713|9678
6125|9331
5546|8231
8307|8455
2407|6627
2612|5990
642|5663
2055|3079
7307|9522
4953|8309
5932|8957
6553|6570
218|8095
2797|7040
253|5200
7917|8060
2608|6349
3601|5851
487|2167
4768|7289
2618|5527
1796|8215
4985|5676
3774|7883
1092|1109
8496|9184
5140|9192
3216|5041
5150|8361
1670|2292
3813|4644
3394|6663
2568|9687
6744|7131
3237|3307
5954|7168
5139|9281
494|1606
17|8430
4160|8629
3980|7187
3420|4510
2972|8927
4006|5036
5543|8535
5964|6353
646|5388
5949|7600
3358|9665
3590|6803
2786|8001
2043|4128
2174|9650
1247|4675
1055|4227
6533|8315
2598|7238
5927|9463
1641|4748
216|8338
276|3360
2977|8550
2637|4002
6331|8692
4737|9927
6729|8447
6331|8712
7512|8996
6936|7649
5549|8078
1670|2355
990|9649
3809|5050
4001|5498
2250|3372
3589|6929
6317|9870
3602|5843
2813|5806
1279|2058
1038|5676
6716|9538
1828|5651
76|3612
3755|9546
6133|8794
203|9459
2238|4391
2765|9802
2584|8444
1610|7373
4353|9085
860|4088
4395|5597
3565|8952
864|3758
259|4820
7131|7878
6160|6552
3377|8178
6714|9742
104|1307
244|6071
1666|2738
3407|5686
3967|8369
6344|7678
4587|6070
2189|8492
2222|5753
451|5293
2977|8623
2439|4128
3032|4060
1600|8236
1419|6875
1449|4382
4957|8134
4584|6323
4594|5491
3755|9605
3408|5637
456|4893
1608|7581
4979|6312
2616|5846
4404|4898
1208|8023
3419|4731
1030|6417
2177|9521
5332|9803
3398|6485
1824|6053
2778|8799
5165|7287
3375|8397
1980|9509
6131|9035
1012|7939
5175|6471
1225|6645
4394|5758
5965|6452
1796|8412
4953|8521
2991|7525
4190|6311
2638|4058
7898|9844
6342|7923
1426|6359
1394|9015
603|9134
3575|8225
896|1206
7314|9191
34|7217
3558|9634
1217|7336
1655|3748
8309|8521
1451|4303
5149|8660
1846|4290
2992|7478
494|1815
2262|2527
3232|3937
5150|8584
2222|5857
3555|9911
258|5029
103|1514
3624|4179
4774|7043
3779|7711
5929|9493
5927|9646
2064|2601
1087|1776
2000|7923
8097|9789
3984|7089
2037|4861
461|4598
4753|8816
3187|7720
7512|9196
6552|6953
8697|9143
3559|9620
3161|9888
311|684
7306|9932
4380|7035
3555|9972
3574|8398
3578|8059
2402|7368
59|5230
3594|6733
3161|9915
277|3527
4358|8866
117|427
6933|8133
3215|5439
4179|7357
827|7042
49|6084
486|2581
619|7931
5372|6649
6917|9476
848|5307
6123|9843
7110|9843
2211|6869
3406|5986
6920|9231
6360|6577
401|9649
2806|6646
5548|8432
2978|8747
2840|3817
203|9700
812|8305
640|6202
3798|6231
2630|4874
1094|1295
1452|4355
1992|8688
4195|6056
9281|9906
3415|5273
2030|5537
844|5671
662|4395
642|6060
2996|7287
234|7162
7310|9674
4969|7380
4347|9863
471|3889
444|6130
433|7045
4395|5886
848|5373
1266|3453
403|9547
3401|6473
4565|8176
1408|8067
4564|8274
3999|6018
6353|7234
2607|6862
3783|7568
408|9171
5153|8553
2222|6069
6917|9611
607|9049
4194|6238
4957|8444
4203|5488
8502|9121
8890|9690
4023|4053
4742|9911
5550|8397
1593|9142
6329|9281
6725|9173
6935|8127
252|5769
6752|6936
6343|8133
878|2972
5359|7877
2017|6749
111|1104
3786|7372
1611|7682
6160|6953
7125|8780
2986|8245
5935|9236
2441|4335
1008|8586
6933|8327
642|6200
4988|5926
1411|7912
4742|9972
5140|9705
3177|8797
3201|6805
7901|9929
6528|9197
4794|5651
257|5396
6362|6582
7512|9439
62|5203
3392|7337
6347|7830
2807|6752
9482|9790
4746|9664
7331|8089
5967|6616
1843|4853
3029|4726
93|2652
1586|9810
2457|3050
2794|7846
8104|9484
6552|7226
671|3837
6322|9932
6147|8073
2252|3692
818|8024
5539|9403
1093|1593
4171|8259
4952|8971
6163|6773
313|797
7511|9567
7510|9650
2230|5529
2824|5383
2214|6862
7328|8376
862|4389
3394|7231
3421|4990
1205|8690
7521|8758
259|5290
4365|8569
6736|8372
4748|9543
296|2231
1216|7795
499|1769
1609|7945
3203|6712
1080|2704
497|1938
4768|7903
2376|9828
4577|7373
9875|9993
272|4237
2853|3004
5780|5819
1277|2748
2591|8377
858|4755
2849|3342
1233|6402
3194|7477
1418|7437
599|9878
4414|4530
3976|8115
3980|7783
1408|8275
6923|9291
4796|5599
2041|4894
3208|6344
3399|6874
3415|5546
2819|5856
5139|9906
1072|3406
3391|7534
5344|9288
1095|1503
4580|7161
5939|9060
4952|9051
3013|6149
3420|5146
8704|8930
1221|7445
446|6237
2585|8932
5154|8704
6343|8327
645|6116
8510|8693
21|8760
2416|6592
4750|9474
4415|4511
6344|8240
112|1221
2826|5334
2794|7999
4768|7997
3219|5495
683|2989
1634|5978
2047|4465
2833|4760
1452|4701
5189|5828
2807|6936
2828|5196
3622|4823
24|8553
2639|4504
3818|4951
882|2878
7313|9789
1488|1733
825|7612
1473|2982
3817|5038
1419|7472
1998|8568
6744|7878
4395|6224
1212|8280
278|3879
1459|4160
2236|5212
7915|8983
6344|8302
4987|6249
3963|9334
663|4705
1427|6828
4176|8045
2644|4128
1239|6063
6160|7226
8708|8734
7924|8270
1004|9191
4967|7947
2776|9570
2232|5578
2015|7211
2441|4625
1395|9521
5167|7743
2646|3992
1612|7897
1025|7467
1438|5961
2254|3770
2408|7372
4978|7054
4009|5573
6561|6736
6130|9743
4366|8704
7726|8370
840|6462
2629|5429
4774|7628
2068|2852
5973|6406
6132|9593
2842|4153
53|6263
4193|6702
4386|7077
4359|9319
260|5473
4557|9266
1867|3164
8117|8715
4378|7761
6142|8797
894|2021
4398|6110
3230|4750
657|5312
818|8338
4000|6382
3799|6680
2997|7712
1857|4029
827|7597
8697|9740
5741|9347
6367|6541
7332|8372
688|2759
5953|8127
1056|4991
5764|7434
3994|6894
4985|6558
5154|8930
4768|8200
2227|6106
111|1512
278|4035
9097|9345
5571|7091
5575|6758
6526|9739
5964|7234
836|6887
1860|3819
5558|8176
3808|5979
6150|8198
3375|9150
4767|8315
9287|9995
1872|2838
2203|8133
2030|6114
7341|7661
1219|7888
1231|6902
2181|9973
5775|6590
3388|8096
643|6561
4583|7224
8511|8868
4214|5079
1011|8794
2020|6968
1038|6558
2615|6733
3787|7762
8510|8967
2015|7394
490|2895
8320|8358
116|1172
1267|3944
4181|7847
6171|6524
1483|2407
815|8699
7926|8305
1414|8135
9686|9708
6552|7684
1394|9810
1594|9594
423|8480
1987|9741
5554|8588
5195|5616
4562|9015
3422|5333
4780|7304
6156|7779
880|3330
1649|5041
1641|5702
4216|4972
5383|6413
3018|6102
3400|7163
5543|9529
3986|7683
2196|8801
6333|9489
2021|6949
2809|7083
6163|7233
1216|8225
433|7688
1992|9368
4366|8930
603|9964
3032|4964
1633|6401
2987|8709
3023|5723
3762|9916
2838|4699
59|5980
3422|5375
215|9418
7516|9655
8502|9737
7325|9126
321|629
1595|9579
6148|8503
7338|8036
2992|8320
6354|7791
1651|4935
6953|7226
4205|5939
4993|6070
9291|9800
673|4195
4997|5748
407|9893
2989|8583
1857|4231
3977|8507
6329|9906
4606|5447
2074|2616
3602|6862
4184|7720
8699|9793
612|9279
4753|9641
108|1964
2992|8358
4775|7820
3208|6822
1061|4794
110|1809
5976|6443
45|7205
7715|9566
1209|8899
1629|6810
2203|8327
3023|5796
8517|8558
5935|9875
57|6222
4029|4231
296|2769
643|6736
6531|9547
479|3973
6923|9800
7540|7741
5000|5565
435|7626
2793|8526
2423|6474
4565|8906
2204|8265
8314|9054
7139|8273
482|3747
300|2469
6566|6674
4166|9273
2454|3917
3378|9141
819|8553
3424|5334
5166|8203
1458|4671
4574|8184
7522|9272
2270|2817
3436|4344
1247|5815
638|7207
644|6716
6752|7649
3040|4463
2436|5444
889|2775
8109|9730
2588|9226
25|8961
2220|7001
5550|9150
3770|9427
228|8507
2013|7810
627|8166
7542|7673
3239|4368
450|6478
501|2248
1075|3760
6160|7684
3370|9886
1058|5180
2048|4934
3232|4963
8707|9289
6371|6572
5935|9993
3988|7760
7333|8667
8714|8735
836|7246
2208|8058
3587|8295
4212|5570
5169|8056
5389|6193
5543|9792
1997|9194
2995|8282
5348|9600
7934|7949
1055|5472
2800|8102
1832|6528
2648|4330
1280|3190
1240|6510
488|3394
1261|4770
2822|6285
1012|9059
4806|5450
5165|8420
3581|8826
1215|8601
1044|6415
2254|4289
1685|2362
7153|7265
6147|8844
698|2370
2814|6962
264|5623
7934|8000
2460|3581
5000|5756
6566|6861
6558|7525
3992|7510
1655|4869
278|4473
880|3662
2191|9538
507|1857
4005|6434
1097|2049
2225|6728
443|7176
3785|8324
3007|7357
8504|9853
1656|4813
3963|9938
3827|4853
6749|8074
2221|7075
687|3327
5554|8965
8129|8227
3203|7490
882|3530
66|5722
3574|9465
1441|6286
3414|6373
1670|3670
2458|3799
4194|7175
2208|8173
3985|8149
4568|8910
1104|1512
1872|3301
3777|9034
2402|8468
9688|9935
6358|7795
5545|9743
2793|8785
6561|7332
287|3802
4964|8836
1009|9417
3988|7921
3415|6330
444|7162
506|2015
217|9620
3774|9308
2793|8811
2807|7649
7715|9892
7340|8249
3611|6451
2414|7505
1653|5140
3398|7763
667|5056
4977|7777
3603|7129
2796|8574
2209|8146
2230|6403
4194|7242
2822|6429
7921|9183
4359|9926
3246|4013
5947|9213
2651|4242
4368|9199
7930|8457
2622|6656
4760|9425
3398|7786
6139|9654
471|4975
327|544
2393|9291
2625|6427
58|6495
1420|8143
462|5736
227|8856
2055|4589
423|8974
1796|9707
493|3171
499|2672
2996|8420
1867|3823
5399|5572
2414|7578
6555|7945
8704|9802
5378|7328
6928|9755
6953|7684
472|4927
5982|6346
4982|7446
7135|8973
4179|8556
4969|8520
5748|9397
8116|9461
2818|6842
1488|2547
1092|2649
4961|9199
4362|9764
4173|9079
2049|5149
53|6976
4774|8344
2866|2879
303|2613
2464|3475
2022|7393
2840|5038
2847|4459
3830|4784
2037|6150
1876|3129
9302|9370
58|6571
902|2056
2052|4911
94|3585
662|5597
3611|6586
1097|2262
642|7262
4764|9200
2208|8357
412|9975
3596|7845
2822|6553
854|6061
694|2962
9888|9915
67|5859
7534|8685
823|8648
1052|6025
2822|6570
2824|6413
2851|4172
296|3241
9497|9619
627|8541
3630|5048
8311|9752
82|4626
7157|7221
6377|6446
3800|7342
707|1914
6350|8690
700|2498
4594|6974
3618|6059
2248|5085
4014|5972
1458|5126
1074|4227
3246|4181
2254|4591
4808|5603
1246|6341
7343|8186
2847|4536
3989|8056
5756|8858
5558|8906
1878|3054
1492|2322
2436|5896
3573|9831
3595|8007
3417|6390
3619|6008
2585|9912
716|1208
2849|4390
8711|9380
5572|7767
475|4841
3833|4658
5583|6875
5380|7340
4232|4320
2800|8486
2198|9295
3815|6157
4387|7835
6563|7460
7521|9856
5370|8177
7154|7549
2858|3682
4203|6730
2994|8783
7146|8237
1795|9998
3618|6142
2270|3346
2036|6384
9499|9540
7542|8130
2636|5739
4181|8573
4564|9549
5967|7805
8517|9153
1075|4239
1819|8022
4407|6218
1072|4492
1100|2165
3611|6750
643|7332
3037|5256
3801|7380
4559|9998
2866|3059
2042|5921
6569|7023
7345|8153
917|997
8520|8929
521|1099
1054|6014
223|9451
4583|8027
6339|9727
2452|4680
1095|2625
5154|9802
6949|8259
1247|6400
2606|8289
2596|9129
1627|7635
889|3353
6152|8889
5763|8409
3391|8685
1093|2814
1083|3644
1876|3362
2648|4819
3790|8337
4562|9810
1890|2203
3985|8548
6566|7324
858|5944
5375|7861
5758|8853
8719|8839
6375|6780
1206|9831
4786|7608
3574|9896
120|1670
260|6433
8133|8327
8714|9255
3776|9525
706|2189
1843|6131
3968|9981
278|4956
5569|8166
2017|8074
3239|4961
3223|6287
5163|9119
1862|4570
6358|8225
1247|6461
1097|2527
7349|7896
2588|9847
95|3778
3258|3390
5385|7083
5404|5505
2864|3336
2831|6068
136|383
4176|9135
4985|7525
662|5886
7727|9324
5597|5886
5976|7204
229|9062
5370|8339
4195|7572
2031|6957
4762|9664
3807|7004
3200|8241
4035|4473
1012|9628
2452|4804
4561|9977
3775|9676
3221|6518
9498|9823
4796|6865
1650|5842
452|6969
4808|5865
5189|7024
6176|7010
1477|3819
1494|2414
4611|5843
1284|3463
4366|9802
8515|9509
625|9013
1287|3217
4991|7076
135|534
1103|2109
3040|5179
1894|2000
6966|7019
1686|2889
1634|7205
3237|5230
6354|8652
1038|7525
4969|8929
3448|4097
2619|7370
2827|6491
3593|8448
1221|8724
4972|8692
1465|4858
5179|7888
2457|4442
920|945
1670|4232
3423|6188
2663|3735
5584|7062
1809|9092
3251|4090
5593|6310
1832|7188
5752|9497
1817|8432
2858|3953
2993|9133
4972|8712
6946|8704
674|5000
4226|5094
1614|8905
507|2481
3208|7678
3985|8722
1061|5651
4621|5087
1261|5439
4176|9262
509|2324
7721|9932
3995|7897
7128|9997
3821|5954
2393|9800
5389|6892
452|7065
8134|8444
705|2452
316|1981
2859|3911
3050|4442
4179|9032
5973|7587
6734|9962
8906|9913
3240|5064
3378|9988
6364|7906
496|3440
2230|6971
654|6712
855|6415
8720|8991
1456|5692
2220|7813
4206|6818
512|2125
5164|9234
1670|4320
1627|7895
139|327
652|6899
5978|7205
655|6654
309|2608
1022|8969
3423|6296
3646|4174
1033|8059
5164|9256
2477|2904
1894|2139
2851|4636
526|1000
5752|9619
1813|8866
3603|7758
8328|8793
815|9793
281|4967
4396|7492
1239|7376
5000|6505
226|9543
5960|8750
3253|4070
5787|6744
8526|8785
3448|4269
2871|3011
3643|4464
1047|6950
8914|9346
7144|8797
4975|8605
8328|8850
4426|5030
5589|6802
1112|1571
1877|3612
7727|9572
5554|9716
263|6506
1214|9497
2042|6313
1447|6544
5188|7333
3619|6497
1233|7933
8526|8811
6381|6625
4796|7124
4565|9913
6578|6675
642|7839
3419|6722
441|8143
423|9636
1418|8977
2620|7511
4404|6907
6188|6296
260|6791
883|4236
1282|3894
5573|8190
1432|7831
518|1771
333|747
5565|8858
3386|9493
5569|8541
2636|6219
2268|3994
5560|9282
6946|8930
137|646
662|6224
5597|6224
3999|7787
3818|6434
701|2996
8719|9263
8914|9463
821|9427
1306|1939
335|619
328|1199
8323|9355
4765|9766
5555|9733
4784|8188
4395|7704
5013|5576
4594|7584
7154|8106
3593|8754
6969|7065
2662|4110
3809|7207
5560|9331
1107|2105
4982|8163
649|7355
4770|9374
3015|7581
2663|4043
509|2596
2049|5852
1214|9619
139|544
1052|6691
2219|8135
8716|9562
1220|9130
5194|6978
4567|9864
7549|8106
3047|4949
3436|5429
328|1253
910|2102
5373|8498
1698|2236
471|5776
1686|3236
2605|8877
308|2926
283|5001
1213|9733
1452|6277
5583|7472
4240|4263
3409|7698
1842|6683
2849|5025
2209|8998
1219|9254
8320|9687
5995|6072
4820|5290
7943|8235
4975|8805
3813|6949
475|5479
1090|3590
3070|3088
2277|3381
3037|5835
6381|6812
5571|8514
7336|9470
7151|8461
2021|8259
3218|7217
3991|8594
5603|5865
39|8932
482|4933
3586|9443
225|9885
1072|5118
4035|4956
1217|9470
8520|9532
1301|2506
2407|9012
629|9137
5177|8490
4216|6331
7729|9664
4426|5295
532|818
1283|4020
2082|3239
6185|6749
1479|4141
3236|5772
3029|6569
510|2651
7547|8402
6758|8356
3787|9194
3221|7030
1633|7765
4386|8649
3056|4350
4425|5410
2036|7092
3023|7085
8914|9646
3819|6554
2397|9898
648|7611
7148|8782
120|2292
5798|6146
4227|5472
5987|6864
2992|9687
2419|8092
532|882
6561|8372
2024|8122
41|8876
1088|3894
4194|8246
2468|4050
4015|6728
6373|7631
3240|5522
2596|9824
5787|7131
2482|2913
676|5357
4205|7366
7750|8031
120|2355
1459|5909
3244|5218
2617|8108
7150|8708
4991|7670
1478|4339
6773|7233
1654|6116
5169|9293
436|8910
2661|4458
5575|8356
882|4670
1454|6350
5015|5694
1027|9026
6186|6806
517|2204
1682|3818
2610|8710
6574|7392
4969|9532
3208|8240
674|5565
466|6445
1432|8191
2030|7710
1887|3194
4021|6293
907|2617
2428|7447
1876|4111
1639|7397
3203|8663
2292|2355
7150|8734
642|8234
5596|6660
4240|4520
7946|8219
4967|9710
8534|8572
81|5655
5378|8376
4238|4692
3007|8556
679|5177
2827|7113
2846|5537
1639|7421
4232|5195
8923|9067
4774|9373
4990|7827
1420|9225
5596|6689
1807|9883
896|3573
3619|6939
4412|6654
1627|8443
2280|3395
4373|9902
7949|8000
2056|5612
4584|8784
7155|8384
2596|9946
3208|8302
4827|4997
5380|8249
7151|8718
6580|6959
1453|6513
3850|4166
2652|5307
3786|9489
5756|9812
5196|7155
7742|8832
860|6596
5017|5634
2810|8594
1899|2289
1458|6124
2239|6842
34|9633
4789|8193
6176|7746
3199|9085
6743|9843
890|4132
3409|8052
3978|9977
1425|8885
3414|7631
508|3078
1466|5489
8328|9376
8326|9541
5558|9913
3827|6131
7344|9126
894|3813
655|7266
3207|8448
638|8680
60|7502
906|2821
2440|6576
1072|5434
130|1709
2828|7155
2652|5373
3783|9804
2425|7835
3071|3366
1441|7592
684|4886
3237|5980
3988|9183
1107|2554
4806|6836
2048|6375
3618|7144
1848|6593
1113|2068
7364|7516
4230|5495
4810|6521
629|9479
4627|5321
1682|4005
63|7308
4047|4319
2613|8653
6771|7617
674|5756
1052|7152
1060|6486
232|9681
1610|9996
3806|7966
9313|9644
691|4362
1242|7785
2642|6275
1067|5935
908|2749
2257|5477
7733|9717
4831|4832
643|8372
7561|7632
1866|5175
3023|7456
2839|6347
3991|9029
1125|1160
7364|7607
4407|7291
1872|4699
654|7490
5375|8862
80|5982
7745|8755
7939|9059
1060|6565
1255|6765
8520|9992
5985|7390
2879|3059
6576|7491
2680|3188
3653|4366
450|8067
2630|7365
2636|6863
4407|7325
1452|6840
3029|7023
5758|9882
7561|7692
2262|5149
4407|7344
2871|3762
2806|9151
1054|7119
54|8202
2617|8469
6384|7092
1503|2625
1074|5472
6569|8148
4220|6507
5173|9329
1084|4648
2099|2321
8334|9102
4830|5023
3989|9293
2661|4829
6586|6750
3807|8020
3801|8520
2831|7120
315|2952
5217|5691
2427|7880
2064|5248
2808|9026
5956|9883
2253|5952
3834|5798
1048|7671
1670|5195
2868|4063
4611|6862
2606|9435
4247|4307
67|7177
1478|4751
3056|4849
4041|5017
2028|8263
2408|9489
2033|7859
2852|5415
3056|4867
4223|6322
2036|7613
673|6056
7733|9917
36|9782
135|1566
1109|2649
1108|2735
863|6685
339|1027
3269|3595
234|9743
661|7075
3207|8754
3991|9218
1453|6881
2220|8753
4391|8792
2223|8509
1252|7187
6575|7737
6171|8500
5778|8352
2606|9499
4232|5616
1056|7076
2619|8418
5795|6966
2291|2883
5563|9837
1495|3413
8722|9771
4234|5454
5777|8472
4969|9992
7157|8622
4579|9593
5599|6865
2827|7566
4634|5049
1258|6726
7167|7807
1094|3958
894|4171
2221|8725
3985|9771
2606|9540
2424|8263
3007|9032
2009|9944
7737|9662
5195|7648
3858|3933
3853|4359
450|8275
5590|7644
2092|3066
910|2873
5776|8605
6946|9802
5795|7019
2045|6985
7355|8615
1901|2550
1031|9234
2810|9029
6171|8607
1253|7197
2462|5153
715|2700
4246|4550
6554|9595
3230|6957
2271|4628
672|6275
865|6645
3416|7900
8733|8966
3417|7828
4978|9334
1031|9256
7937|9490
1510|2268
4409|7407
1053|7436
5580|8531
4241|4979
4181|9956
2851|5656
6385|7259
2048|6780
1701|2810
8130|9868
6766|8397
2823|8003
2096|2806
7175|7242
900|3774
1640|7892
832|9419
879|5521
1306|2850
1116|2239
5563|9974
506|3715
877|5692
4194|8921
7167|7910
4802|7605
4206|7922
5565|9812
7359|8360
2846|6114
2654|5666
3454|4801
4580|9657
2417|8964
7355|8716
2826|7782
6186|7431
7173|7430
6359|9457
7737|9770
2873|3889
6974|7584
917|2402
2253|6207
7357|8556
80|6346
4408|7574
4248|4467
3853|4483
908|3161
5969|9075
1297|3643
858|7315
1862|5910
7349|9249
703|3800
6193|6892
6391|6831
498|4441
7739|9658
5796|7085
1651|7049
4412|7266
3821|7168
3466|3860
1311|2510
1430|9026
93|5307
6749|9922
6769|8267
6776|7685
7757|8182
2878|3530
2671|4337
7760|7921
1831|8517
1305|3029
5006|7135
5182|8924
1072|5986
4577|9996
846|8368
4023|6823
1884|4137
298|4705
5973|8827
441|9225
7940|9410
3834|6146
2810|9218
5787|7878
1444|7911
1831|8558
474|6503
1451|7338
5006|7189
1517|1858
1271|5893
5776|8805
5809|6087
2236|7726
93|5373
3468|3776
5599|7124
2823|8165
936|952
1459|6693
4394|8853
9121|9737
1048|8050
8140|9236
3817|7599
1322|1695
534|1566
3801|8929
5179|9254
1426|9457
293|5191
3600|9233
1708|2434
1876|4882
1295|3958
7157|8943
7763|7786
39|9912
4438|5239
3415|8231
8539|8939
1670|5616
5192|8202
64|7856
3023|8015
241|9548
7348|9503
493|5019
4827|5748
5613|6057
8149|8548
5981|8268
145|1145
1063|6874
325|2590
339|1430
7556|8640
104|4556
6384|7613
5030|5295
4040|5555
6374|8460
631|9984
96|5240
1633|8744
291|5443
7939|9628
5987|7824
2068|5415
1488|4409
7555|8770
4643|4703
3624|7357
737|1216
6984|7011
4001|8830
3450|5411
4013|7847
488|5508
3421|7827
62|8100
113|3868
5216|6308
7542|9868
1665|6136
517|3114
2441|7263
2220|9228
4802|7909
4009|8190
1828|8993
1665|6145
5590|8051
4390|9343
5985|8030
6175|8650
5980|8452
5188|8667
1037|9133
81|6563
8534|9484
4200|8757
1231|9421
7349|9528
4438|5385
674|6505
2685|3434
2679|3935
1113|2852
3992|9650
894|4644
6571|8583
348|811
3057|5337
4059|4101
3413|8566
692|5039
2814|9142
3273|3806
2868|4656
4388|9579
649|8615
1901|3009
2082|4368
1905|2674
3258|5071
94|5538
2481|4029
8148|8796
507|4029
5019|6362
4020|7359
848|8498
8929|9532
2671|4651
6161|9898
59|8452
3235|6985
110|4220
1034|9447
9319|9926
2074|5053
1427|9603
4041|5634
7751|8988
6574|8378
8149|8722
3422|7861
2496|2799
8143|9225
1069|6550
6569|8796
8146|8998
1689|4247
6400|6461
3650|5323
645|8984
8735|9255
1115|2750
2262|5852
7173|7850
5796|7456
2038|8070
1694|3853
511|3736
9911|9972
3206|9425
335|1964
4199|8932
6980|7484
3406|9217
1252|7783
58|8583
1056|7670
1479|5329
2440|7491
7152|9601
1865|6063
1455|7331
1908|2497
2428|8494
3440|6424
3084|3203
677|6374
8535|9529
3806|8821
9324|9572
158|309
5410|6755
1689|4307
4428|6354
716|3151
7159|9062
272|7238
7170|8152
6966|8699
2037|8198
2105|2554
649|8716
5191|8571
4646|4647
3424|7782
887|5357
7157|9244
7357|9032
3813|8259
3653|5154
486|5880
4419|7125
1085|5318
1309|3111
6373|8777
6957|9474
2107|2423
6172|9097
3036|7241
4204|8601
140|1849
463|7810
697|4774
1860|6554
1298|4047
280|6623
1459|7074
4208|8288
519|3174
1123|2198
1682|4951
7759|8478
5194|8377
4991|8838
3240|6715
2017|9922
4245|5232
4007|8601
4037|6111
662|7704
2102|2873
5597|7704
7564|8272
4047|5283
527|2528
3420|8168
75|7278
328|2663
4978|9938
6576|8379
1684|4809
1227|9973
4047|5299
5399|7767
2257|6411
3999|9288
6767|8926
3476|3542
1116|2818
355|446
7742|9914
5794|7756
6185|8074
248|9333
2888|3202
3809|8680
6958|9453
263|8093
931|1801
6962|9142
507|4231
2066|5903
7941|9807
7354|9365
4032|6574
3820|7785
2481|4231
1329|1546
5019|6582
1702|3360
1039|9243
5420|6076
2294|3383
490|5661
5967|9836
1085|5441
4425|6755
5584|8860
5775|9384
4003|9030
878|6264
675|6732
9717|9917
2629|8389
702|4500
4636|5656
1521|2061
3414|8777
5772|9685
1245|8589
7558|8903
1055|7978
5596|7912
120|3670
6013|6064
6008|6497
5037|5163
1719|2032
1659|7018
4591|9427
2889|3236
8346|9048
325|3057
3260|5207
1080|5934
2854|6152
2242|7799
736|1730
68|8021
913|3422
2293|3571
6381|8340
3070|4621
5196|8384
1522|2034
1831|9153
3860|4583
4794|8993
7377|7589
8733|9728
6766|9150
2292|3670
6371|9186
8548|8722
146|1569
3859|4695
54|9209
1253|7995
9128|9723
8535|9792
502|4797
8930|9802
723|2853
1331|1541
7943|9814
879|6292
3801|9532
1506|3409
108|4759
136|2436
6172|9345
7548|9825
2475|4909
4037|6342
3466|4583
5809|6731
2236|8370
5775|9554
2828|8384
2443|7581
4223|7306
4224|7223
1298|4319
1666|6544
4831|6001
7351|9827
8140|9875
4254|4738
5233|5399
734|1992
3797|9907
2480|4534
8550|8623
103|5225
327|3018
1894|4037
1451|8036
2876|4447
3847|5780
3239|7094
314|4113
7368|8468
654|8663
5191|8928
3627|7665
9135|9262
3029|8148
1832|9197
258|8771
510|4242
873|6885
8344|9373
7355|9562
1297|4464
5584|9095
5035|5506
8929|9992
5395|8406
3847|5819
1842|8394
4784|9976
3627|7700
4059|4614
444|9743
3672|3961
4829|6248
5606|7290
644|9538
2480|4606
4628|6556
3407|9594
4832|6001
6956|9948
2427|9018
260|8658
7360|9173
6764|9492
3219|8819
4632|6238
723|3004
6377|8867
9129|9824
8140|9993
5037|5400
2691|3510
495|5552
2859|5945
4802|8527
150|1426
910|3889
125|3509
899|4806
4008|8910
2454|6816
1694|4359
6005|7006
7181|7703
5613|6764
1866|6471
501|5085
3216|9114
49|9837
2248|7547
4436|6172
748|973
7370|8418
2885|3827
1084|5858
2701|2727
2639|7874
5815|6400
6390|7828
3646|6210
5233|5572
4634|6138
1853|7579
2082|4961
5424|6098
5412|7107
4815|7505
715|3738
3670|4232
5607|7302
4404|8848
2851|6673
4833|6021
5796|8015
2840|7599
7175|8246
7947|9710
3416|8937
6797|6843
5600|7901
5412|7121
1504|3808
546|1410
699|5096
5203|8100
3408|9631
6200|7262
1094|5083
2097|3760
318|3963
4013|8573
3671|4190
5610|7105
5815|6461
247|9864
3277|4133
2693|3453
3211|9620
9129|9946
6572|9186
2230|9132
8932|9912
6980|8091
4815|7578
2870|5171
308|4827
4205|9060
1694|4483
1685|5234
3670|4320
1511|3299
1485|5457
4044|6058
2426|9276
2052|7556
5977|9450
683|6495
1044|9298
931|2294
3444|6714
1270|6928
1483|5639
2620|9567
49|9974
116|4414
2251|7433
1040|9642
705|4680
4408|8628
6371|9534
3217|9187
2470|5655
1045|9243
1431|9973
2873|4975
3011|9916
4040|6425
4841|5479
141|2371
1658|7532
1075|6774
4441|5920
2042|8433
3215|9374
5395|8671
5230|5980
6186|8560
2458|6680
6008|6939
707|4564
2839|7830
1892|4517
1701|3991
6978|8377
1661|7314
683|6571
2624|9305
5801|7774
8161|8504
2661|6248
7756|9350
4849|4867
1458|7788
2883|4203
3629|7831
5607|7498
3845|6286
4409|8627
1640|9074
4409|8625
2291|4203
4394|9882
1494|4815
2646|7510
2280|5124
6403|6971
57|9409
3070|5087
4797|9203
2074|5846
277|7541
1723|2214
472|7745
116|4530
291|6391
113|4781
4223|7721
2878|4670
4002|9676
4989|9675
5192|9209
1455|8089
705|4804
3282|3910
2043|8451
1441|9264
308|4997
452|9433
9137|9479
81|7460
2095|4136
3801|9992
3618|8797
2682|4566
4634|6397
4459|4536
6399|7354
120|4232
1884|5279
1100|4816
701|5165
357|950
1265|7513
4063|4656
7161|9657
5216|7261
1087|5901
2031|9474
3252|6431
3267|5196
7754|9614
6765|9781
7577|7919
2897|3141
5234|5774
7773|8039
3473|4490
667|8010
1864|6968
4608|8586
1311|3717
8943|9244
3069|5259
7184|7789
2061|7007
4606|8773
5239|5385
1687|5284
7366|9060
2292|4232
5217|7220
7559|9444
5606|7699
6981|8271
8164|8387
1725|2146
4241|6312
5430|5929
314|4580
100|5958
4060|4964
3607|9794
2311|2675
4837|6005
1295|5083
5000|8858
9529|9792
4649|5223
532|2878
2638|8307
2309|2842
7765|8744
2457|6950
7760|9183
2439|8451
2078|5645
1097|5149
649|9562
6971|9132
7971|8053
673|7572
120|4320
1452|8453
4252|5433
4263|4520
3042|7561
2086|4988
2440|8379
7183|7937
73|8236
1112|3918
1465|7396
95|6418
4200|9776
533|2834
850|9295
4625|7263
311|4886
4435|6656
486|6751
2238|8792
329|3400
2292|4320
655|9116
5212|7726
4020|8360
6002|7706
3050|6950
6572|9534
732|2741
5629|5895
1660|7638
4809|8414
3042|7632
66|8876
3422|8862
1247|9157
7162|9743
1144|1325
8944|9286
4199|9912
4032|7392
4254|5345
4431|7038
2845|7604
1664|7331
946|1398
2434|8969
3606|9991
4047|6158
3255|6369
8149|9771
4809|8458
716|4112
5420|6897
1473|6821
6605|6854
3079|4589
3081|4425
4238|6708
867|7970
4458|4829
3486|3586
488|6663
7556|9859
2694|3792
3057|6432
2695|3711
2310|2909
527|3444
363|675
2638|8455
3042|7692
5977|9860
1645|8964
8361|8584
9134|9964
6969|9433
4218|8398
661|8725
4405|9266
3624|8556
6799|7174
3040|7888
3877|3946
3029|8796
164|838
2097|4239
7762|9194
1477|6554
2701|3272
4407|9126
1260|8185
3258|6190
2508|2914
7187|7783
671|7930
1643|9178
3623|8679
3629|8191
7580|7942
498|5920
162|1047
1336|1912
1726|2312
1326|2747
1085|6372
3644|6969
2441|8515
2102|3889
493|6362
495|6202
5582|9981
5416|7373
899|5450
3868|4781
2103|3828
6966|9793
1723|2607
5986|9217
6200|7839
1843|9035
6389|8554
2846|7710
4997|9397
4239|6774
1456|8392
5428|6389
1121|3432
139|3018
5795|8699
2512|2671
4216|8692
3445|7146
3487|3660
1916|2986
1685|5774
339|2808
915|4157
8166|8541
1056|8838
1901|4245
7169|9359
5225|6884
1131|2619
4216|8712
3057|6603
3653|6288
3268|5469
2090|4943
328|3735
3856|5832
3218|9633
2507|3104
1068|7854
1265|7887
4446|6010
2821|9811
516|4524
6981|8608
127|4044
3476|4609
1531|2200
135|3384
4801|9318
291|6831
3644|7065
2705|3079
2460|7037
7175|8921
2681|5078
6002|7976
358|1283
3460|5957
5617|7151
1650|8742
1659|7996
5822|6525
9334|9938
6776|9281
4636|6673
7966|8821
880|7128
5434|5986
63|9404
1510|3994
303|5870
7961|9227
1686|5772
1311|4134
3682|3953
5219|7449
2116|2862
6192|8611
1302|4893
362|992
8556|9032
933|2759
7364|9655
1536|1865
4441|6515
2681|5134
2850|7493
2094|4713
6788|8333
6194|8485
1641|9543
1884|5763
2480|5447
1288|6078
3064|6133
1110|4474
1454|8690
1442|9686
3831|8008
1868|7093
2273|6246
7574|8628
512|4962
1483|6291
3879|4035
4846|5687
5042|5803
6387|8856
519|4393
364|878
3875|4380
1050|9475
4069|4665
1442|9708
6575|9662
656|9413
9532|9992
1865|7376
1298|5283
2465|6732
4234|7356
4066|4926
855|9298
890|6395
1298|5299
1923|2583
5433|6160
493|6582
1307|4556
1909|3742
3032|8836
494|6503
1305|4726
361|1168
652|9783
8548|9771
7973|8342
6014|7119
90|7283
4227|7978
2280|5742
1284|6490
2248|8402
860|8920
3047|7626
1090|6217
6401|7765
3858|5856
4606|9317
3830|8188
1067|8140
6395|8279
9146|9340
2475|5973
3282|4525
4632|7175
3863|5464
163|1265
5606|8251
7564|9569
1473|7227
499|6153
2898|3647
2427|9969
2319|2555
4648|5858
6182|9626
8753|9228
496|6424
2271|6556
5413|7915
6575|9770
4232|7648
6377|9840
2496|4273
541|2703
1329|2837
1122|3631
6980|8948
2257|7730
6010|7523
707|5313
741|2491
528|3785
2700|3738
4237|7238
533|3373
907|5101
111|5635
917|4278
2694|4240
8355|9524
5629|6409
7380|8520
4412|9116
1539|1808
2117|2991
2873|5776
1152|1166
5006|8973
4428|7791
4643|6328
4632|7242
1324|3282
4447|6222
2694|4263
1456|8720
5600|8840
328|4043
5790|9459
281|7947
2049|8660
9340|9719
3670|5195
1091|6262
564|850
5411|8146
3833|8054
6217|6803
2289|5144
3624|9032
2644|8451
2255|7970
2090|5280
1649|9114
7184|8456
2058|7940
2268|6894
4238|7228
371|506
532|3530
5216|7971
4809|8982
2847|8001
2674|5977
1140|2222
3458|6441
1112|4551
490|7026
308|5748
5987|9519
471|8605
1080|7209
2234|9735
2885|4853
534|3384
6200|8234
5589|9806
1083|6969
5035|6635
902|5612
2672|6153
269|9003
5400|9119
8558|9153
2298|4436
269|9009
9143|9740
8173|8357
3440|7974
1682|6434
2470|6563
488|7231
456|9887
169|942
910|4975
3095|3849
5814|7559
5212|8370
3268|5883
2669|6449
1097|5852
3237|8452
1289|6299
294|6965
907|5241
4438|7083
318|4978
2479|5842
4264|5151
5216|8053
671|8457
5627|6705
1052|9601
2041|9445
5015|8359
565|879
6406|7587
5026|7443
2862|6834
4808|9163
4252|6160
324|4508
1527|2961
5616|7648
6402|7933
2688|4907
1483|6627
3877|4537
1083|7065
2503|3899
520|4646
1266|8263
466|9130
9141|9988
1459|8629
520|4647
3432|8707
3461|6300
3296|3622
4066|5250
282|8022
7169|9852
4418|8810
5217|8026
263|9609
3436|8389
3251|7361
3025|9735
3689|3783
5829|6399
4264|5209
895|6317
1087|6767
3660|6203
6181|9944
2280|6053
1698|5212
1659|8454
4043|7197
2277|6316
498|6515
68|9448
4857|5188
4408|9688
353|2184
3623|9301
3494|3624
5803|8581
2635|9386
4419|8780
1536|2306
5794|9350
3837|7930
3647|7316
2052|8640
3438|8291
1842|9689
931|3383
9346|9463
3878|4544
3246|7847
5433|6552
5790|9700
3240|8346
6219|6863
471|8805
3879|4473
1664|8089
1061|8993
2694|4520
1531|2754
1456|8991
7397|7421
4463|5179
120|5195
2099|4783
3088|4621
2859|7244
472|8755
2471|6683
3678|4799
7372|9489
564|1123
9146|9719
2308|3837
3857|6348
3860|6096
5822|7086
1909|4194
1670|7648
2319|2939
1704|4831
4442|6950
1704|4832
2833|9425
1654|8984
1478|7213
7390|8030
7377|9109
1074|7978
6385|9542
7573|9245
2292|5195
5000|9812
361|1639
760|1289
2086|5926
5247|5703
2475|6406
4224|8689
5430|6895
2301|4472
141|3528
497|6748
3488|4258
6025|6691
3653|6946
2663|7197
2496|4678
1735|2304
1887|6079
1131|3290
3466|6096
2269|7143
6776|9906
4631|7715
5438|6267
7380|8929
6594|8634
1915|3764
3426|9432
4837|7006
2324|2596
1868|7675
6791|8658
2891|4693
6806|7431
4434|7695
4274|4592
8358|9687
2862|7097
1849|9265
6023|6877
3046|8215
4273|4678
1289|6594
3819|9595
4220|9092
1706|4765
4021|9226
8177|8339
5627|7013
68|9656
1899|5144
1323|3807
3300|3563
1733|2547
1653|9192
3670|5616
4037|7923
5598|9442
9346|9646
1138|2797
174|889
5207|9133
2635|9624
1921|3354
4408|9935
1104|5635
6581|9803
7568|9804
2651|8310
5395|9930
3037|9037
761|1342
75|9129
1271|8164
1090|6803
8761|9078
4032|8378
4013|9956
2436|9782
6185|9922
3649|7409
2899|4123
3081|5410
3056|7486
4456|5969
2487|5560
7195|8025
962|1069
5444|5896
2467|7230
3827|9035
3883|4386
2454|8314
3463|6490
1870|7637
1095|6427
2296|5056
544|3018
947|2339
2107|4360
2883|5488
4252|6552
2635|9702
3043|8606
1114|4868
4646|6626
7191|8395
2090|5789
2291|5488
2845|8665
660|9794
3230|9474
487|7773
1715|4155
3845|7592
482|8189
6996|8212
103|6884
2510|3717
6016|7622
1549|1559
7387|8538
6013|7893
7001|7813
1257|9419
2667|7075
129|4745
2247|9178
3484|4808
939|3055
3037|9140
2639|9407
5603|9163
8161|9853
3817|9943
1112|5088
5224|7864
3046|8412
3438|8646
1501|5580
6218|7291
1288|6883
8371|8815
1917|3830
4218|9465
4647|6626
2491|5351
4637|7453
663|9618
2447|9006
7582|8776
1324|3910
677|8460
5821|7485
480|8427
7000|7931
2441|9509
9546|9605
3106|3461
3091|4716
6218|7325
1091|6878
2119|3473
879|8090
5836|6253
2669|6984
2856|7848
739|3332
7575|9377
903|6109
5433|6953
6218|7344
6197|9088
7197|7995
1527|3476
67|9970
3498|3725
1723|3602
4053|6823
1283|7359
666|9419
2669|7011
4625|8515
1901|5232
2876|6222
2637|9676
5813|8210
538|3676
1498|5915
6411|7730
1849|9555
2447|9072
5639|6291
4214|9878
716|5296
2658|7953
700|6623
2309|4153
1271|8387
4644|6949
913|5333
120|5616
518|5358
3859|6578
7971|9362
1298|6158
1326|3831
6214|7742
1527|3542
737|3575
3461|6859
4452|6528
5441|6372
925|4365
5049|6138
2102|4975
5828|7024
5243|6419
2682|5990
3090|4903
309|6349
7781|8760
894|6949
913|5375
2652|8498
1909|4632
3432|9289
3631|9156
3879|4956
2292|5616
3837|8457
3088|5087
3848|7540
170|1521
5795|9793
3101|4015
2897|4565
110|6507
3467|6402
5053|5846
1903|5148
1255|9781
1068|8923
8559|9754
3445|8237
674|8858
877|8392
3494|4179
4856|5821
5994|9681
5836|6412
1296|6396
1739|2393
1073|8519
5250|5894
1260|9391
558|2123
3859|6675
2662|7732
1159|1404
318|5674
5602|9482
1453|9780
6590|9384
487|8039
882|8024
5610|8812
4066|5894
679|8490
6025|7152
7392|8378
8757|9776
1458|9378
6989|9064
3091|4917
469|9548
4468|5309
4808|9858
5841|6054
4853|6131
4428|8652
158|2608
6596|8920
2095|5682
1465|8822
6401|8744
7574|9688
1261|9374
5411|8998
1923|3584
697|7043
938|3426
104|7115
368|1587
1542|2454
176|1144
7373|9996
4069|5706
2310|4252
1467|8684
1890|6343
4473|4956
2304|4755
8176|8906
1093|6962
910|5776
6018|7787
3691|4341
4044|7809
1725|3674
1532|3309
5841|6122
4619|9233
2123|3419
5443|6391
2467|7633
1882|7042
1068|9067
2671|7084
563|1832
1279|7940
5433|7226
681|8427
4846|6794
3888|4388
2094|5841
3659|7020
4252|6953
756|2208
5060|5423
3891|4144
3040|9254
4254|6795
4458|6248
378|827
8571|8928
3240|9048
1511|5102
3497|4106
3848|7741
2697|4971
7189|8973
5448|6013
2706|4226
1653|9705
7177|9970
553|2701
3264|7069
935|3767
3496|4205
4230|8819
6590|9554
3246|8573
7183|9490
2510|4134
5049|6397
553|2727
1894|6111
4258|6510
2470|7460
6429|6553
924|4710
2497|5224
2120|3747
2915|3302
4632|8246
8559|9979
7380|9532
3282|5606
5448|6064
4257|6612
1113|5415
522|5317
1067|9236
7984|8561
8758|9856
3268|6787
4043|7995
3054|8161
1522|4248
5413|8983
2122|3603
5844|5985
2890|5395
1107|5935
5051|6256
3239|9199
6429|6570
162|2457
5639|6627
4021|9847
2507|4433
279|9137
5617|8461
899|6836
698|7138
7004|8020
2332|2585
6600|8783
4218|9896
77|9535
1509|5366
325|5337
5239|7083
176|1325
946|2951
2487|6125
3649|7983
3645|8317
3490|4810
3677|5669
8766|9280
7789|8456
6613|7747
7587|8827
482|8723
3450|8146
108|7000
2317|3879
1746|2120
7188|9197
1914|4564
6013|8421
2696|5193
877|8720
1472|8496
6195|9693
5600|9929
1661|9191
4671|5126
7574|9935
3677|5716
767|1494
5602|9790
3090|5291
882|8338
6625|6812
1114|5468
2094|6054
1156|1987
863|9920
2525|3047
5829|7354
1727|3748
2709|4169
8380|8620
1870|8269
7003|8220
957|2128
2663|7995
1719|4424
3087|5584
75|9824
3311|3386
567|1758
570|1509
2082|7094
532|4670
1311|5551
1693|6617
536|4343
3036|9832
579|777
4665|5706
3856|7320
7983|8845
6804|8399
7200|8304
3478|5932
4252|7226
4839|7654
6400|9157
543|3777
2094|6122
1894|6342
1692|6723
3630|9703
4446|7523
1325|4418
1112|5713
7211|7394
3671|6311
2722|3168
5256|5835
1912|4863
1522|4467
2705|4589
8374|9190
1324|4525
2252|9426
683|8583
1504|5979
2317|4035
5229|8102
2454|9054
5233|7767
1908|5224
929|4558
3236|9685
6421|7480
576|1104
7010|7746
3701|3877
5603|9858
5038|7599
6432|6603
3662|7128
580|794
1491|7100
75|9946
170|2061
3699|4066
3267|7155
335|4759
2889|5772
2262|8660
6808|8184
5617|8718
3105|4234
7596|8301
4431|8861
1514|5225
6399|9365
3073|6902
363|2465
2726|2947
78|9735
2129|3349
2885|6131
93|8498
1488|7407
3701|3946
5443|6831
1094|7345
715|6033
2512|4337
7795|8225
6406|8827
3054|8504
5832|7320
4082|5112
5064|5522
564|2198
3296|4823
3484|5603
877|8991
2468|8011
5433|7684
4452|7188
279|9479
8382|8670
4637|8213
536|4540
2137|2732
3831|9580
878|8927
2908|4283
4480|4878
5218|9158
3677|5987
956|2458
6616|7805
3244|9158
1072|9217
2646|9650
4651|7084
5807|9430
2840|9943
2254|9427
2462|8553
4868|5468
5820|8380
190|526
1731|3697
6403|9132
2868|7641
6821|7227
914|5982
3104|4433
5216|9362
3860|7224
1660|9608
701|7287
7195|8949
7791|8652
2909|4252
697|7628
3453|8263
1939|2850
7380|9992
5023|9022
2052|9859
4242|8310
3474|6518
365|2426
1890|6933
1882|7597
895|7598
3298|4769
1115|5729
2717|3834
1103|6729
8971|9051
501|7547
1704|6001
4285|4772
3466|7224
496|7974
555|3077
2671|7668
2522|3657
184|1103
2058|9410
1331|4214
4223|9932
7001|8753
746|3623
4861|6150
6234|6869
2897|5319
2460|8826
2854|8889
3061|8092
6224|7704
2475|7587
2102|5776
580|1032
348|3904
553|3272
3270|7142
3066|7690
6806|8560
7589|9109
4680|4804
379|1343
974|1112
371|2015
1520|4953
356|3264
5610|9551
1479|8367
6433|6791
8572|9484
3698|4412
1917|4784
4479|5127
2849|9343
2276|7754
1512|5635
8582|8641
506|7211
2691|6086
3055|8637
1478|8466
751|3274
5263|5619
6396|9872
2487|6651
5807|9610
316|6619
1546|2837
936|4316
1553|2255
3889|4975
1103|6845
3055|8668
3635|9682
3511|3600
3069|7520
1503|6427
4050|8011
5652|6130
7396|8822
162|3050
4283|5074
1341|3503
293|8571
3484|5865
5229|8486
1067|9875
6015|8799
1860|9595
4289|4591
7186|9900
3118|3493
5841|6849
6800|9171
2119|4490
3059|8386
7979|9621
1295|7345
2502|5473
4252|7684
2691|6175
5026|8971
5820|8620
2512|4651
7605|7909
969|1649
703|7342
6819|7610
1169|1437
3301|4699
8965|9716
1723|4611
4625|9509
1283|8360
4632|8921
576|1512
5230|8452
2317|4473
3891|4899
2922|3417
1538|3596
1141|3779
4829|8975
1485|8002
3830|9976
2895|5661
1903|6081
2323|3988
1878|8161
1305|6569
7997|8200
3873|6415
5029|8771
3123|3130
879|9162
8773|9317
873|9669
5650|6387
6244|6255
9359|9852
127|6058
674|9812
531|5297
4643|8069
3063|8139
9557|9796
5653|6154
7594|8888
3119|3496
1736|3599
890|8279
5026|9051
2727|3272
3643|9167
522|6062
5613|9492
506|7394
778|1204
4819|9871
7787|9288
5429|8389
1905|5977
4097|4269
1067|9993
2897|5558
8966|9728
1887|7477
1868|9053
1277|8955
579|1357
2128|3863
2883|6730
3122|3277
1511|5927
281|9710
2528|3444
2291|6730
7598|8626
5815|9157
8189|8723
2648|9871
1168|1639
3091|5864
1560|1870
1527|4609
3275|6988
2273|8232
930|5013
1472|9184
914|6346
3655|8224
2273|8244
4247|8239
6412|8779
2298|6172
1151|3072
6812|8340
2539|2563
4830|9022
1169|1588
777|1357
3833|9849
6214|8832
152|4082
5843|6862
3065|8064
4850|7364
508|7307
2706|5094
5428|8554
1467|9637
3081|6755
1914|5313
6211|9127
2856|9063
7409|7983
136|5444
9163|9858
112|7445
9754|9979
4849|7486
3500|4773
3895|4771
2920|3775
5050|7207
7996|8454
509|7278
137|5388
3046|9707
7009|8450
6818|7922
3849|8603
190|1000
3299|5102
8176|9913
114|7310
2096|6646
369|2539
2673|7911
4676|5501
518|6560
2681|7257
1557|2252
3649|8845
364|2972
3049|9498
3701|4537
369|2563
5242|7701
6027|8095
8582|9010
2094|6849
5043|7845
2105|5935
1484|8326
7592|9264
7788|9378
3875|6482
1494|7505
4827|9397
5025|9343
5450|6836
3450|8998
943|4093
771|1990
5463|5777
4436|9097
4083|5631
903|7425
200|238
6822|7678
314|7161
2661|8975
3474|7030
2151|2158
2117|4985
4672|5907
333|5598
4850|7516
327|6102
1270|9755
3708|4008
293|8928
4651|7668
1070|9975
1937|3556
1170|1682
6424|7974
378|1882
4644|8259
1288|8276
2471|8394
974|1571
3672|7009
5814|9444
7001|9228
4674|5775
2866|8386
4478|5658
1946|2824
1138|4352
1494|7578
1282|8791
108|7931
1950|2517
1876|8659
1369|1595
572|2211
7807|7910
3703|4489
1878|8504
4489|4786
767|2414
3253|9066
1150|3398
894|8259
3084|6712
4471|6290
6230|7751
368|2774
8582|9138
2310|5433
4850|7607
2140|3164
4627|9741
1176|1258
2304|5944
1167|2010
3849|8789
5460|6156
6599|9927
558|3419
3644|9433
694|8528
6816|8314
3907|3999
2097|6774
3653|8704
2920|4002
4671|6124
2654|9698
8573|9956
8185|9391
1556|2537
5078|5134
5626|8801
4675|5815
197|658
520|6626
3078|7307
5466|5712
325|6432
780|1438
3699|4926
7207|8680
2521|4395
1729|4594
1094|8153
6238|7175
1305|7023
1752|2696
7018|7996
2317|4956
1148|3677
697|8344
965|2487
8003|8165
1692|7682
900|7883
3123|3607
2478|7990
2120|4933
1868|9472
2908|5074
8785|8811
318|7054
7594|9360
753|3716
3444|9742
5857|6069
6054|6122
756|3482
4436|9345
4685|5061
2667|8725
1738|3907
3487|6203
1110|6886
2123|4731
4036|9794
6035|7705
8386|9179
6238|7242
3845|9264
3860|8027
4631|9566
1368|1872
7021|7803
1684|8414
5241|8108
2730|3538
8392|8720
3049|9823
2066|9496
3264|8364
2700|6033
924|5984
6041|7264
1727|4869
3677|6864
1948|2915
6416|8911
7605|8527
2675|8116
1299|7642
5416|9996
1684|8458
3467|7933
2294|6983
1367|2009
5655|6563
1088|8791
1733|4409
3466|8027
3905|4358
1738|3999
136|5896
4063|7641
8974|9636
3269|8007
5456|6710
7407|8627
394|874
7407|8625
325|6603
1324|5606
3116|4332
3895|5204
2321|4783
1542|3917
732|5610
7604|8665
1910|6139
174|2775
501|8402
5273|5546
3703|4786
3653|8930
1087|8926
313|7630
3246|9956
1717|5787
930|5576
1909|6238
1176|1548
2319|4987
2306|6063
4857|7333
776|1988
1943|3435
1331|5079
8588|8965
6018|9288
927|5850
6834|7097
5061|6800
1279|9410
4656|7641
3308|4846
982|1301
3513|4216
3889|5776
2337|3527
2510|5551
7405|8863
7405|8884
1687|8336
1150|3756
2138|3678
1307|7115
1915|5801
548|4579
1309|6956
8976|9582
5844|7390
4468|6904
972|2161
3300|5542
3129|3362
1337|4641
3314|4394
